period;cmd;country;nb_edge_exp;nb_edge_imp;primary_value_exp;primary_value_imp;net_wgt_exp;net_wgt_imp;exp_share;imp_share;primary_value_per_partner_exp;primary_value_per_partner_imp;net_wgt_per_partner_exp;net_wgt_per_partner_imp
1996;01;Japan;14;59;2897019.0;4418502709.0;6316647.0;15177180379.0;0.0006552266653597623;0.9993447733346402;206929.92857142858;74889876.42372881;451189.0714285714;257240345.40677965
1996;01;Rep. of Korea;7;33;146689.0;952150530.0;115765.0;7153056337.0;0.00015403699294012116;0.9998459630070599;20955.571428571428;28853046.363636363;16537.85714285714;216759282.93939394
1996;01;Russian Federation;51;13;943867704.0;9410018.0;12856483469.0;367542447.0;0.9901287759245464;0.009871224075453638;18507209.88235294;723847.5384615385;252087911.15686274;28272495.923076924
1996;01;USA;92;58;2219071099.0;94030566.0;10224344872.0;710323813.0;0.9593487102522146;0.04065128974778547;24120338.032608695;1621216.6551724137;111134183.39130434;12246962.293103449
1997;01;Japan;13;59;1032584.0;3712681658.0;3669062.0;14497313481.0;0.00027804616422073114;0.9997219538357792;79429.53846153847;62926807.76271187;282235.53846153844;245717177.6440678
1997;01;Malaysia;33;23;707094933.0;31553363.0;4025156690.0;348142855.0;0.9572822909483839;0.042717709051616086;21427119.181818184;1371885.347826087;121974445.15151516;15136645.869565217
1997;01;Rep. of Korea;5;41;23353.0;869833661.0;66026.0;7334551665.0;0.000026846941076685966;0.9999731530589233;4670.6;21215455.14634146;13205.2;178891504.02439025
1997;01;Russian Federation;58;19;1025092191.0;6885603.0;14632969733.0;226853959.0;0.993327760500242;0.006672239499758073;17674003.29310345;362400.15789473685;252292581.60344827;11939682.05263158
1997;01;USA;93;56;1784488410.0;91692520.0;9605286715.0;545700000.0;0.9511281036205821;0.048871896379417946;19188047.419354837;1637366.4285714286;103282652.84946236;9744642.857142856
1998;01;Japan;10;59;383957.0;2110923114.0;93000.0;10781501872.0;0.00018185748784431557;0.9998181425121557;38395.7;35778357.86440678;9300.0;182737319.8644068
1998;01;Russian Federation;55;20;935908313.0;5570811.0;16683920753.0;148520740.0;0.9940829160647432;0.005917083935256752;17016514.78181818;278540.55;303344013.6909091;7426037.0
1998;01;USA;102;53;1328398306.0;116287041.0;8226643005.0;877466102.0;0.9195070115153594;0.08049298848464059;13023512.80392157;2194095.113207547;80653362.79411764;16555964.188679244
1999;01;China;19;71;7039197.0;1242934994.0;15153550.0;7339667805.0;0.0056314738741673745;0.9943685261258326;370484.05263157893;17506126.676056337;797555.2631578947;103375602.88732395
1999;01;Japan;12;63;517868.0;2322455500.0;1351250.0;11690559647.0;0.00022293324888432385;0.9997770667511157;43155.666666666664;36864373.015873015;112604.16666666667;185564438.84126985
1999;01;Malaysia;35;27;620798504.0;48788413.0;4288214128.0;465758474.0;0.9271365497722233;0.07286345022777678;17737100.114285715;1806978.2592592593;122520403.65714286;17250313.85185185
1999;01;Russian Federation;62;9;1202573019.0;3898081.0;22948787995.0;106352031.0;0.9967690224821797;0.0032309775178203607;19396339.01612903;433120.1111111111;370141741.8548387;11816892.333333334
1999;01;USA;100;66;1339081058.0;161508809.0;8349441353.0;1183269361.0;0.8923697856744224;0.10763021432557761;13390810.58;2447103.1666666665;83494413.53;17928323.651515152
2000;01;China;24;76;7731378.0;1653957489.0;0.0;0.0;0.0046527229937805194;0.9953472770062195;322140.75;21762598.539473683;0.0;0.0
2000;01;Japan;16;60;694573.0;2330412955.0;0.0;0.0;0.00029795837028415275;0.9997020416297159;43410.8125;38840215.916666664;0.0;0.0
2000;01;Malaysia;32;30;579711153.0;62818321.0;0.0;0.0;0.9022327791300668;0.0977672208699332;18115973.53125;2093944.0333333334;0.0;0.0
2000;01;Russian Federation;55;13;1336591262.0;5726075.0;25404916901.0;154298692.0;0.9957341868109985;0.004265813189001521;24301659.30909091;440467.3076923077;461907580.0181818;11869130.153846154
2000;01;USA;103;71;1429673328.0;218672753.0;0.0;0.0;0.8673380817775003;0.1326619182224998;13880323.572815534;3079897.9295774647;0.0;0.0
2001;01;China;23;73;5385540.0;1692854752.0;0.0;0.0;0.003171247334885398;0.9968287526651146;234153.91304347827;23189791.12328767;0.0;0.0
2001;01;Japan;10;60;413693.0;1873832420.0;0.0;0.0;0.00022072501425003622;0.9997792749857499;41369.3;31230540.333333332;0.0;0.0
2001;01;Russian Federation;60;18;1392984609.0;4053775.0;26642408021.0;130203564.0;0.9970983080734023;0.0029016919265977734;23216410.15;225209.72222222222;444040133.68333334;7233531.333333333
2001;01;USA;101;70;1244242097.0;194330238.0;0.0;0.0;0.8649145174893135;0.13508548251068653;12319228.683168316;2776146.257142857;0.0;0.0
2002;01;China;23;79;3109992.0;2136958289.0;0.0;0.0;0.0014532209217860933;0.9985467790782139;135217.04347826086;27050104.924050633;0.0;0.0
2002;01;Japan;12;56;687597.0;1598638400.0;0.0;0.0;0.0004299292334957274;0.9995700707665043;57299.75;28547114.285714287;0.0;0.0
2002;01;Russian Federation;63;20;1648161513.0;5183099.0;30872648254.0;156446638.0;0.9968650824744092;0.0031349175255908474;26161293.85714286;259154.95;490042035.7777778;7822331.9
2002;01;USA;107;75;1201287756.0;225945557.0;0.0;0.0;0.8416898239818481;0.15831017601815184;11226988.373831775;3012607.4266666668;0.0;0.0
2003;01;China;23;73;2791943.0;2442889293.0;0.0;0.0;0.0011415809055174842;0.9988584190944825;121388.82608695653;33464236.89041096;0.0;0.0
2003;01;Japan;11;56;1277078.0;1654374850.0;0.0;0.0;0.000771344494819445;0.9992286555051806;116098.0;29542408.035714287;0.0;0.0
2003;01;Russian Federation;61;13;1800471440.0;5122319.0;31433515153.0;138348060.0;0.9971630833489162;0.0028369166510837504;29515925.24590164;394024.53846153844;515303527.09836066;10642158.461538462
2003;01;USA;105;73;1219619956.0;204019669.0;0.0;0.0;0.8566914931157525;0.14330850688424748;11615428.152380953;2794789.98630137;0.0;0.0
2004;01;China;29;71;1815113.0;2802320969.0;0.0;0.0;0.0006472984715868008;0.9993527015284132;62590.10344827586;39469309.42253521;0.0;0.0
2004;01;Japan;16;55;1250547.0;1958554767.0;0.0;0.0;0.0006380975656442168;0.9993619024343557;78159.1875;35610086.67272727;0.0;0.0
2004;01;Russian Federation;53;17;2332315723.0;4254107.0;34610916299.0;95006378.0;0.998179336673195;0.001820663326805003;44005957.03773585;250241.58823529413;653036156.5849056;5588610.470588235
2004;01;USA;105;70;1447169156.0;217769919.0;0.0;0.0;0.8692024697660483;0.13079753023395166;13782563.39047619;3110998.842857143;0.0;0.0
2005;01;China;33;84;1886675.0;3241484810.0;0.0;0.0;0.0005817017904749816;0.999418298209525;57171.969696969696;38589104.88095238;0.0;0.0
2005;01;Japan;15;57;3010048.0;1697992665.0;20919164.0;8964109745.0;0.001769572721428105;0.9982304272785719;200669.86666666667;29789345.0;1394610.9333333333;157265083.24561402
2005;01;Russian Federation;59;16;2853222717.0;2309167.0;39877012385.0;46325484.0;0.9991913355921751;0.0008086644078249066;48359707.06779661;144322.9375;675881565.8474576;2895342.75
2005;01;USA;108;66;1466516223.0;311356203.0;0.0;0.0;0.8248714595903182;0.1751285404096818;13578853.916666666;4717518.2272727275;0.0;0.0
2006;01;China;39;80;1265626.0;3925343667.0;0.0;0.0;0.00032232032921030427;0.9996776796707897;32451.94871794872;49066795.8375;0.0;0.0
2006;01;Japan;14;55;3465961.0;1835352112.0;0.0;0.0;0.0018848852156131708;0.9981151147843869;247568.64285714287;33370038.4;0.0;0.0
2006;01;Russian Federation;61;14;3255690275.0;1883306.0;41813367006.0;34313689.0;0.9994218684695306;0.0005781315304693343;53371971.72131147;134521.85714285713;685465032.8852459;2450977.785714286
2006;01;USA;111;64;1464865125.0;317922854.0;0.0;0.0;0.8216709683120429;0.1783290316879571;13196983.108108109;4967544.59375;0.0;0.0
2007;01;China;43;92;1188316.0;5347029445.0;1850702.0;1566477268.0;0.0002221891577911014;0.9997778108422088;27635.25581395349;58119885.27173913;43039.58139534884;17026926.826086957
2007;01;Japan;18;52;3212629.0;1760940211.0;26291370.0;256486781.0;0.001821060470021407;0.9981789395299786;178479.38888888888;33864234.82692308;1460631.6666666667;4932438.096153846
2007;01;Russian Federation;63;15;4134428606.0;2016851.0;40525546821.0;21085764.0;0.9995124192930945;0.00048758070690547485;65625850.88888889;134456.73333333334;643262647.9523809;1405717.6
2007;01;USA;117;62;1671711677.0;223271586.0;9798377544.0;5716679.0;0.8821775419554194;0.11782245804458064;14288133.991452992;3601154.6129032257;83746816.61538461;92204.5
2008;01;China;45;98;985833.0;5173780953.0;544826.0;19170136023.0;0.00019050771576162775;0.9998094922842383;21907.4;52793683.19387755;12107.244444444445;195613632.8877551
2008;01;Finland;39;32;99695929.0;1294051340.0;574761296.0;11905552138.0;0.07153085155211163;0.9284691484478884;2556305.871794872;40439104.375;14737469.128205128;372048504.3125
2008;01;Japan;17;54;6402119.0;1379113976.0;49159049.0;8345623051.0;0.004620746755020554;0.9953792532449794;376595.23529411765;25539147.703703705;2891708.7647058824;154548575.0185185
2008;01;Russian Federation;53;10;3489988075.0;1509905.0;28520439990.0;15200710.0;0.9995675480814684;0.000432451918531541;65848831.60377359;150990.5;538121509.245283;1520071.0
2008;01;USA;128;54;1641765589.0;118631317.0;9226823563.0;650202422.0;0.9326110398196757;0.06738896018032424;12826293.6640625;2196876.2407407407;72084559.0859375;12040785.592592593
2009;01;China;41;89;2721769.0;4083282292.0;356798.0;813680246.0;0.0006661199938538191;0.9993338800061462;66384.60975609756;45879576.31460674;8702.390243902439;9142474.674157303
2009;01;India;45;74;1758653.0;1131449071.0;1213186.0;590889543.0;0.00155192464960643;0.9984480753503936;39081.177777777775;15289852.31081081;26959.68888888889;7984993.824324325
2009;01;Russian Federation;42;11;1831333619.0;132222.0;15860813166.0;1164008.0;0.9999278053693167;0.00007219463068325935;43603181.4047619;12020.181818181818;377638408.71428573;105818.90909090909
2009;01;USA;124;56;1334284756.0;67870812.0;7616817851.0;2849656.0;0.9515953767549422;0.04840462324505778;10760360.935483871;1211978.7857142857;61425950.411290325;50886.71428571428
2010;01;China;52;94;7818915.0;6069477135.0;19283466.0;30833397882.0;0.001286577934606296;0.9987134220653937;150363.75;64568905.69148936;370835.8846153846;328014871.0851064
2010;01;India;41;89;1615757.0;1330158262.0;1191066.0;720515971.0;0.0012132366129302002;0.9987867633870698;39408.70731707317;14945598.449438203;29050.39024390244;8095685.06741573
2010;01;New Zealand;31;13;954835584.059;1807155.217;9455263777.605999;2839852.34;0.9981109403303812;0.001889059669618858;30801147.872870967;139011.93976923075;305008508.9550322;218450.18
2010;01;Russian Federation;42;7;1844828872.0;70438.0;15527915585.0;712988.0;0.9999618201385744;0.0000381798614256081;43924496.952380955;10062.57142857143;369712275.8333333;101855.42857142857
2010;01;USA;117;46;1836760221.0;72323384.0;13057044041.0;3848118.0;0.9621161777249666;0.03788382227503337;15698805.307692308;1572247.4782608696;111598667.01709402;83654.73913043478
2011;01;China;48;108;6557993.0;8265563986.0;13762512.0;38242104168.0;0.0007927824343800093;0.99920721756562;136624.85416666666;76532999.87037037;286719.0;354093557.1111111
2011;01;India;46;103;2537058.0;1825914558.0;1330748.0;4669647103.0;0.0013875445091350999;0.9986124554908649;55153.434782608696;17727325.80582524;28929.304347826088;45336379.6407767
2011;01;New Zealand;30;20;1279560211.868;1705019.467;11209930950.975;5091808.651000001;0.9986692689184865;0.0013307310815134459;42652007.06226667;85250.97335;373664365.0325;254590.43255000003
2011;01;Russian Federation;38;17;1981769006.0;273932.0;15745850638.0;793136.0;0.9998617931051098;0.00013820689489018527;52151815.94736842;16113.64705882353;414364490.4736842;46655.05882352941
2011;01;USA;123;53;2216816121.0;69349431.0;16807324234.0;391402785.0;0.9696656128252256;0.03033438717477447;18022895.292682927;1308479.8301886793;136644912.4715447;7384958.20754717
2012;01;China;57;106;1702656.0;7226548016.0;3803075.0;34280741056.0;0.00023555574886127857;0.9997644442511388;29871.157894736843;68174981.28301887;66720.61403508772;323403217.509434
2012;01;India;41;101;1915771.0;2010248457.0;3828686.0;1016938034.0;0.0009520947511844943;0.9990479052488155;46726.12195121951;19903450.069306932;93382.58536585367;10068693.405940594
2012;01;Myanmar;28;1;1842782513.0;523429.0;14478071060.0;0.0;0.9997160379142314;0.00028396208576861407;65813661.178571425;523429.0;517073966.4285714;0.0
2012;01;New Zealand;26;17;1267139417.94;2229543.626;12265511024.357;2237990.299;0.9982435811072224;0.0017564188927775958;48736131.45923077;131149.62505882353;471750424.01373076;131646.4881764706
2012;01;Russian Federation;40;11;1529234775.0;1660187.0;13351563401.0;15120294.0;0.9989155448014336;0.0010844551985663925;38230869.375;150926.0909090909;333789085.025;1374572.1818181819
2012;01;USA;117;47;1911568968.0;93125150.0;17212542908.0;421098987.0;0.953546454212722;0.046453545787278054;16338196.307692308;1981386.170212766;147115751.35042736;8959552.914893618
2013;01;China;53;111;6639470.0;9267607069.0;13947477.0;41129877206.0;0.0007159039790542277;0.9992840960209458;125273.01886792453;83491955.57657658;263159.9433962264;370539434.2882883
2013;01;India;40;73;2100836.0;2031201683.0;15154175.0;1120636860.0;0.00103321369071692;0.998966786309283;52520.9;27824680.589041095;378854.375;15351189.863013698
2013;01;New Zealand;30;12;1913356313.399;3351586.589;18004434961.744003;1553108.548;0.9982513837455248;0.0017486162544751778;63778543.77996667;279298.88241666666;600147832.0581335;129425.71233333333
2013;01;Russian Federation;39;14;1640258145.0;3912543.0;14425288151.0;35294657.0;0.9976203547304694;0.002379645269530556;42057901.15384615;279467.35714285716;369879183.35897434;2521046.9285714286
2013;01;USA;119;50;2384520808.0;89125354.0;22000125982.0;413373959.0;0.963970047386268;0.036029952613731986;20037989.98319328;1782507.08;184875008.25210086;8267479.18
2014;01;China;56;113;8062022.0;11746860676.0;11921293.0;46608271229.0;0.0006858421962546538;0.9993141578037453;143964.67857142858;103954519.25663717;212880.23214285713;412462577.2477876
2014;01;India;39;74;4692768.0;2006942181.0;36085086.0;1297878377.0;0.0023328129203227517;0.9976671870796773;120327.38461538461;27120840.283783782;925258.6153846154;17538896.986486487
2014;01;New Zealand;27;15;1872876095.7350001;4240659.2069999995;5073556889.458;3737773.315;0.9977408655077872;0.0022591344922127813;69365781.32351853;282710.6138;187909514.42437038;249184.88766666668
2014;01;Russian Federation;42;10;1776574283.0;1553429.0;15925662055.0;10665712.0;0.9991263681514458;0.0008736318485541943;42299387.690476194;155342.9;379182429.88095236;1066571.2
2014;01;USA;112;50;2456605314.0;93487165.0;23263606698.0;429725729.0;0.9633396961993079;0.03666030380069209;21933976.01785714;1869743.3;207710774.0892857;8594514.58
2015;01;China;61;109;4140358.0;7997969662.0;13032047.0;39108567477.0;0.0005174082822720301;0.999482591717728;67874.72131147541;73375868.4587156;213640.11475409835;358794197.03669727
2015;01;India;28;76;81571046.0;1563660120.0;767430418.0;756961014.0;0.04958029466358893;0.9504197053364111;2913251.6428571427;20574475.263157893;27408229.214285713;9960013.342105264
2015;01;New Zealand;29;13;1330607507.614;2043862.286;4529603804.423;3156203.17;0.9984663188496528;0.001533681150347197;45883017.50393104;157220.17584615384;156193234.63527587;242784.85923076922
2015;01;Russian Federation;40;11;1338433698.0;43931.0;15118003985.0;45275.0;0.9999671783830762;0.00003282161692371475;33460842.45;3993.7272727272725;377950099.625;4115.909090909091
2015;01;USA;112;59;1979890750.0;97533661.0;17364101340.0;470498675.0;0.9530506811783103;0.04694931882168973;17677595.98214286;1653112.8983050848;155036619.10714287;7974553.813559322
2016;01;China;55;95;5621043.0;4959458909.0;18004326.297;44885339398.067;0.001132115304152508;0.9988678846958475;102200.78181818181;52204830.62105263;327351.3872181818;472477256.8217579
2016;01;India;35;73;20164773.0;1276534238.0;232642506.0;3321321871.0;0.015550850913697505;0.9844491490863025;576136.3714285714;17486770.383561645;6646928.742857143;45497559.87671233
2016;01;New Zealand;29;16;1613260413.311;1650318.4019999998;18503859896.324;3339767.8370000003;0.9989780745340336;0.0010219254659664322;55629669.424517244;103144.90012499999;638064134.3560001;208735.48981250002
2016;01;Russian Federation;41;11;1350464034.3400002;25592.31;15924145440.28;173054.6;0.9999810496063836;0.000018950393616486945;32938147.179024395;2326.5736363636365;388393791.2263415;15732.236363636364
2016;01;USA;107;54;1992283940.0;89053090.0;15535678975.819;605401899.659;0.9572135176973237;0.04278648230267637;18619476.074766356;1649131.2962962964;145193261.45625234;11211146.289981483
2017;01;China;48;106;30155358.0;9859295154.0;107221978.0;47473461530.0;0.003049245047883;0.996950754952117;628236.625;93012218.43396227;2233791.2083333335;447862844.6226415
2017;01;New Zealand;22;8;2130044115.063;1467615.1479999998;23145635247.045;3630157.73;0.9993114674776598;0.0006885325223402451;96820187.04831818;183451.89349999998;1052074329.4111363;453769.71625
2017;01;Russian Federation;42;7;1465797800.15;314869.47000000003;15701762641.85;1382840.0;0.9997852351483453;0.00021476485165468944;34899947.62261905;44981.35285714286;373851491.47261906;197548.57142857142
2017;01;USA;102;38;856468841.0;2322922.0;3703726236.293;5139009.1450000005;0.9972951277596266;0.002704872240373363;8396753.343137255;61129.52631578947;36311041.53228432;135237.0827631579
2018;01;China;51;107;23604566.0;10926632051.0;78546032.0;51369565953.0;0.0021556215473329987;0.997844378452667;462834.6274509804;102118056.55140187;1540118.2745098039;480089401.42990655
2018;01;New Zealand;26;7;2389387741.074;386320.388;20901837267.705;1330282.706;0.9998383443881872;0.0001616556118128002;91899528.50284615;55188.62685714285;803916817.9886539;190040.38657142856
2018;01;Russian Federation;50;9;1460295272.82;452006.54;15600355523.48;3876832.0;0.9996905648592425;0.0003094351407575707;29205905.4564;50222.94888888889;312007110.46959996;430759.1111111111
2018;01;USA;108;45;934747042.0;11480577.0;4380226328.754;105583312.715;0.9878670028548384;0.012132997145161539;8655065.203703703;255123.93333333332;40557651.19216666;2346295.838111111
2019;01;China;54;102;15329749.0;9384904745.0;55946693.0;49715400802.624;0.0016307836798948687;0.9983692163201051;283884.24074074073;92008870.0490196;1036049.8703703703;487405890.2218039
2019;01;New Zealand;26;17;2228136274.666;348350.227;23125462344.000004;1878847.45;0.9998436829120968;0.00015631708790305246;85697549.02561538;20491.189823529414;889440859.3846155;110520.43823529412
2019;01;Russian Federation;44;17;1113911050.2900002;258017.71;13066255309.9;1105074.0;0.9997684214026304;0.00023157859736956898;25316160.23386364;15177.512352941176;296960347.9522727;65004.35294117647
2019;01;USA;105;53;1594147099.0;99187822.0;12205561624.415998;691798660.945;0.9414245694871606;0.05857543051283946;15182353.323809523;1871468.3396226414;116243444.04205713;13052804.923490567
2020;01;China;56;97;6488025.0;8376187573.0;26275801.0;48607942676.275;0.0007739802076496865;0.9992260197923503;115857.58928571429;86352449.20618556;469210.73214285716;501112811.09561855
2020;01;Czechia;34;32;870485806.0;86820124.0;13702848000.243;770504350.579;0.9093078594008083;0.09069214059919173;25602523.70588235;2713128.875;403024941.18361765;24078260.95559375
2020;01;Germany;56;57;984720978.1689999;378687745.499;10127732407.474;4474763651.512;0.722249286714104;0.27775071328589596;17584303.181589283;6643644.657877193;180852364.41917858;78504625.4651228
2020;01;New Zealand;25;7;1906028543.4239998;236487.81;21613052088.26;1879042.3199999998;0.999875941799212;0.00012405820078801542;76241141.73696;33783.97285714286;864522083.5303999;268434.6171428571
2020;01;Russian Federation;42;7;1016846326.506;117725.43;13134013639.0;661804.0;0.9998842383565321;0.00011576164346801192;24210626.82157143;16817.91857142857;312714610.45238096;94543.42857142857
2020;01;USA;96;41;1552790279.0;97588496.0;12379382131.532;908170016.6780001;0.9408690311107522;0.05913096888924786;16174898.739583334;2380207.2195121953;128951897.20345832;22150488.211658537
2021;01;China;59;99;3706181.0;11563788732.0;10676532.0;52675422113.458;0.0003203961642407856;0.9996796038357593;62816.627118644064;116805946.78787878;180958.16949152542;532074970.8430101
2021;01;Czechia;35;35;1174936704.0;111683264.0;10921161573.372;754975202.804;0.9131963852748164;0.08680361472518355;33569620.114285715;3190950.4;312033187.8106286;21570720.080114286
2021;01;Germany;59;60;1175587201.333;512694344.452;9234661112.499;4435482157.91;0.6963217742135465;0.30367822578645354;19925206.802254237;8544905.740866667;156519679.87286443;73924702.63183333
2021;01;New Zealand;20;10;2782999396.016;214457.489;19390756046.056;963722.076;0.9999229460974658;0.00007705390253426847;139149969.8008;21445.7489;969537802.3027999;96372.2076
2021;01;USA;97;49;2032073528.0;67506469.0;13075416157.203;459629827.96299994;0.9678476318613927;0.03215236813860729;20949211.62886598;1377683.0408163266;134798104.71343297;9380200.570673468
2022;01;China;57;102;20201990.0;8517440892.0;52321078.0;36606757709.0;0.0023662256994365577;0.9976337743005634;354420.8771929825;83504322.47058824;917913.649122807;358889781.4607843
2022;01;Czechia;33;31;1059535967.0;164124108.0;8014603264.064;1034804862.319;0.8658744275856185;0.1341255724143815;32107150.515151516;5294326.064516129;242866765.57769698;33380802.01029032
2022;01;Germany;63;65;1142351167.2089999;578916134.656;7915608908.779;4297640826.709;0.6636686620208598;0.3363313379791402;18132558.209666666;8906402.07163077;125644585.85363492;66117551.180138454
2022;01;New Zealand;20;7;2223879818.627;131602.327;14914191079.446001;481562.186;0.999940826595691;0.00005917340430902489;111193990.93135;18800.332428571426;745709553.9723;68794.598
2022;01;USA;97;54;1864384873.0;161047190.0;9821625090.952;1083219946.2900002;0.9204874885996115;0.07951251140038855;19220462.60824742;2982355.3703703703;101253866.91703093;20059628.635000005
2023;01;China;58;96;2284727.0;6372376931.0;5292679.0;31779516014.0;0.00035840757087597576;0.999641592429124;39391.84482758621;66378926.364583336;91253.08620689655;331036625.1458333
2023;01;Germany;61;62;967469400.0040001;494994992.21599996;6924282883.0;3661420073.5099998;0.661533644956234;0.338466355043766;15860154.09842623;7983790.197032257;113512834.14754099;59055162.475967735
2023;01;New Zealand;22;9;1978455886.1179998;94915.15299999999;15191886915.674;213166.297;0.9999520279424015;0.00004797205759843392;89929813.00536363;10546.12811111111;690540314.3488182;23685.14411111111
2023;01;USA;104;55;1541820340.0;135696320.0;8160248880.53;911060978.7250001;0.9191088093277119;0.08089119067228817;14825195.576923076;2467205.8181818184;78463931.54355769;16564745.067727275
1996;05;Canada;90;54;9186931272.0;406423815.0;30260562971.0;1100815946.0;0.9576348617022686;0.04236513829773139;102077014.13333334;7526366.944444444;336228477.45555556;20385480.48148148
1996;05;Japan;32;75;23418852.0;4555143252.0;233555403.0;7076488091.0;0.00511489228890014;0.9948851077110998;731839.125;60735243.36;7298606.34375;94353174.54666667
1996;05;Sweden;74;51;2462491310.0;94380282.0;5732938003.0;136645261.0;0.9630875941148944;0.036912405885105554;33276909.594594594;1850593.7647058824;77472135.17567568;2679318.843137255
1996;05;USA;124;86;2398328800.0;7186491724.0;4558386014.0;26193103267.0;0.25022156585975525;0.7497784341402447;19341361.29032258;83563857.25581396;36761177.53225806;304570968.2209302
1997;05;Canada;99;58;9403021051.0;504440966.0;29172685557.0;1190274694.0;0.9490847438895612;0.050915256110438845;94980010.61616161;8697258.034482758;294673591.4848485;20521977.48275862
1997;05;Japan;29;82;11739796.0;4575446322.0;66794484.0;7480944827.0;0.002559258704139634;0.9974407412958604;404820.5517241379;55798125.87804878;2303258.0689655175;91231034.47560975
1997;05;Sweden;74;52;2527822485.0;101085520.0;5656578647.0;148975058.0;0.9615484757139685;0.038451524286031456;34159763.31081081;1943952.3076923077;76440251.98648648;2864904.9615384615
1997;05;USA;129;83;2484769447.0;7732607094.0;4544481514.0;26032232240.0;0.2431905525874658;0.7568094474125342;19261778.65891473;93163940.89156626;35228538.86821705;313641352.2891566
1998;05;Canada;102;58;7904640297.0;455149817.0;29051860685.0;1025279627.0;0.9455548750873819;0.05444512491261811;77496473.5;7847410.637931035;284822163.57843137;17677234.94827586
1998;05;Japan;29;75;7716658.0;2368965601.0;4031365.0;4635548603.0;0.0032468193721641274;0.9967531806278359;266091.6551724138;31586208.01333333;139012.58620689655;61807314.70666666
1998;05;Sweden;76;58;2209519279.0;115269999.0;5677938664.0;171231298.0;0.9504170119456307;0.04958298805436937;29072622.092105262;1987413.7758620689;74709719.26315789;2952263.7586206896
1998;05;USA;132;86;1962933535.0;7117221089.0;3813513176.0;27185458026.0;0.21617842606024767;0.7838215739397524;14870708.598484848;82758384.75581396;28890251.333333332;316109977.04651165
1999;05;Canada;101;67;8950238587.0;507606194.0;29870365118.0;1151936931.0;0.9463296125328957;0.05367038746710428;88616223.63366337;7576211.850746268;295746189.2871287;17193088.52238806
1999;05;Japan;31;82;7654038.0;2992841503.0;3816260.0;5806563650.0;0.002550924637418083;0.9974490753625819;246904.4516129032;36498067.1097561;123105.16129032258;70811751.82926829
1999;05;USA;135;98;2158208860.0;8196138977.0;4224853167.0;27959718095.0;0.20843503559808021;0.7915649644019198;15986732.296296297;83634071.19387755;31295208.644444443;285303245.86734694
2000;05;Canada;94;54;8209959996.0;558557503.0;50544140.0;2897022.0;0.9362996649018833;0.06370033509811668;87339999.95744681;10343657.462962963;537703.6170212766;53648.555555555555
2000;05;Japan;34;85;6879555.0;3227161817.0;0.0;0.0;0.0021272315993117728;0.9978727684006883;202339.85294117648;37966609.61176471;0.0;0.0
2000;05;Sweden;80;56;1988053242.0;113677464.0;5684614308.0;203039148.0;0.9459124503079892;0.05408754969201083;24850665.525;2029954.7142857143;71057678.85;3625699.0714285714
2000;05;USA;147;97;2228355813.0;7068293923.0;0.0;0.0;0.23969450030702974;0.7603054996929702;15158883.081632653;72869009.51546392;0.0;0.0
2001;05;Canada;102;57;7544866754.0;456993527.0;50615048.0;2249667.0;0.9428890894177311;0.05711091058226889;73969281.90196079;8017430.298245614;496225.96078431373;39467.84210526316
2001;05;Japan;29;85;6833576.0;2684035752.0;0.0;0.0;0.002539542120790787;0.9974604578792092;235640.55172413794;31576891.2;0.0;0.0
2001;05;Sweden;84;58;1846354332.0;106987203.0;5535034682.0;187771022.0;0.9452286243429519;0.054771375657048114;21980408.714285713;1844606.948275862;65893270.02380952;3237431.4137931033
2001;05;USA;135;101;1790721966.0;6854370726.0;0.0;0.0;0.20713739340899134;0.7928626065910087;13264607.155555556;67865056.69306931;0.0;0.0
2002;05;Canada;105;77;7008231273.0;486074434.0;0.0;0.0;0.9351408318523775;0.0648591681476225;66745059.74285714;6312654.987012987;0.0;0.0
2002;05;Japan;30;80;10034497.0;2434408434.0;0.0;0.0;0.004105024041569658;0.9958949759584304;334483.23333333334;30430105.425;0.0;0.0
2002;05;Sweden;86;55;2106662093.0;116644159.0;5746628705.0;253765430.0;0.9475357212282062;0.052464278771793785;24496070.848837208;2120802.890909091;66821264.011627905;4613916.909090909
2002;05;USA;140;101;1734703838.0;7095723386.0;0.0;0.0;0.19644619608950417;0.8035538039104958;12390741.7;70254686.99009901;0.0;0.0
2003;05;Canada;113;80;6456309724.0;549655431.0;0.0;0.0;0.9215446524726542;0.07845534752734579;57135484.28318584;6870692.8875;0.0;0.0
2003;05;Japan;29;80;11140677.0;2667073680.0;0.0;0.0;0.004159740601375621;0.9958402593986244;384161.275862069;33338421.0;0.0;0.0
2003;05;Sweden;78;59;2505759241.0;146854428.0;5569998686.0;229950290.0;0.9446378378743098;0.05536216212569023;32125118.474358976;2489058.1016949154;71410239.56410256;3897462.5423728814
2003;05;USA;136;100;1746243039.0;6454026631.0;0.0;0.0;0.2129494649899727;0.7870505350100273;12840022.345588235;64540266.31;0.0;0.0
2004;05;Canada;118;77;8940371910.0;592697708.0;0.0;0.0;0.9378271918962083;0.06217280810379161;75765863.6440678;7697372.831168831;0.0;0.0
2004;05;Japan;32;79;13584940.0;2877397444.0;0.0;0.0;0.004699073946346122;0.9953009260536538;424529.375;36422752.4556962;0.0;0.0
2004;05;Sweden;81;62;2711082952.0;162768026.0;5660635103.0;207402347.0;0.9433623986608815;0.05663760133911857;33470159.901234567;2625290.7419354836;69884383.98765433;3345199.14516129
2004;05;USA;136;99;1966478086.0;9368664570.0;0.0;0.0;0.17348507607525251;0.8265149239247475;14459397.69117647;94632975.45454545;0.0;0.0
2005;05;Canada;116;72;8713351787.0;597125875.0;0.0;0.0;0.9358651729076024;0.06413482709239757;75115101.61206897;8293414.930555556;0.0;0.0
2005;05;Japan;37;76;12375863.0;2611093989.0;25281728.0;5691013557.0;0.0047173642916328055;0.9952826357083672;334482.7837837838;34356499.85526316;683289.9459459459;74881757.32894737
2005;05;Sweden;82;62;2817414306.0;177146697.0;6024090000.0;213771000.0;0.9408438509609484;0.05915614903905165;34358711.048780486;2857204.790322581;73464512.19512194;3447919.35483871
2005;05;USA;146;100;2081942504.0;9662252374.0;2680750.0;1510113.0;0.17727417891370587;0.8227258210862941;14259880.164383562;96622523.74;18361.301369863013;15101.13
2006;05;Canada;128;74;8195939783.0;604352532.0;0.0;0.0;0.9313258571002365;0.06867414289976344;64030779.5546875;8166926.108108108;0.0;0.0
2006;05;Japan;28;79;11171019.0;2731996091.0;0.0;0.0;0.0040723071369866345;0.9959276928630134;398964.96428571426;34582229.0;0.0;0.0
2006;05;Sweden;88;61;3328648176.0;202281171.0;6612246085.0;225557238.0;0.9427116344959252;0.057288365504074755;37825547.45454545;3316084.770491803;75139160.05681819;3697659.6393442624
2006;05;USA;141;106;2303674392.0;8956522933.0;0.0;0.0;0.20458561475520146;0.7954143852447986;16338116.255319148;84495499.36792453;0.0;0.0
2007;05;Canada;128;67;6931073963.0;579563204.0;15721064972.0;509104328.0;0.9228343493217238;0.0771656506782762;54149015.3359375;8650197.074626865;122820820.09375;7598572.059701492
2007;05;Russian Federation;100;62;3261668539.0;9112234.0;10771122866.0;10408951.0;0.9972140492951345;0.002785950704865538;32616685.39;146971.51612903227;107711228.66;167886.3064516129
2007;05;Sweden;82;60;3883972771.0;259365974.0;5698594834.0;259857384.0;0.9374016970461342;0.06259830295386577;47365521.59756097;4322766.233333333;69495058.95121951;4330956.4
2007;05;USA;149;101;2151491221.0;6991578054.0;2336748001.0;12843539897.0;0.2353138925549703;0.7646861074450297;14439538.395973155;69223545.08910891;15682872.489932885;127163761.35643564
2007;05;United Kingdom;77;85;138982539.0;3128363255.0;206487099.0;3764996705.0;0.042536831961655544;0.9574631680383444;1804968.038961039;36804273.5882353;2681650.6363636362;44294078.88235294
2008;05;Canada;128;71;5044332296.0;523800461.0;9447895298.0;623735946.0;0.9059288842670817;0.09407111573291822;39408846.0625;7377471.281690141;73811682.015625;8785013.323943662
2008;05;Germany;124;94;2461525026.112;1449474353.202;4936153470.389;2313730450.499;0.6293851743192448;0.3706148256807552;19851008.275096774;15419939.92768085;39807689.277330644;24614153.728712767
2008;05;Russian Federation;92;65;2865549879.0;13091177.0;8917145192.0;13348400.0;0.9954523065761486;0.004547693423851452;31147281.29347826;201402.72307692308;96925491.2173913;205360.0
2008;05;Sweden;85;54;3439059120.0;213184269.0;6081688394.0;216478355.0;0.9416292272190625;0.05837077278093746;40459519.058823526;3947856.8333333335;71549275.22352941;4008858.425925926
2008;05;USA;157;91;1918723848.0;4746780884.0;2710120668.0;7633298697.0;0.28785874815878837;0.7121412518412117;12221171.006369427;52162427.296703294;17261915.08280255;83882403.26373626
2009;05;Canada;114;67;3442431559.0;398767937.0;6925448939.0;470508402.0;0.8961866111314308;0.1038133888685692;30196768.06140351;5951760.253731343;60749552.096491225;7022513.462686568
2009;05;China;129;107;338150644.0;2321409123.0;522694608.0;2785451999.0;0.12714534495362592;0.872854655046374;2621322.8217054266;21695412.364485983;4051896.1860465114;26032261.672897197
2009;05;Russian Federation;86;48;2632308472.0;10435099.0;9150117796.0;12393436.0;0.996051414479063;0.003948585520937022;30608238.046511628;217397.89583333334;106396718.55813953;258196.58333333334
2009;05;Sweden;89;51;2982978651.0;135297282.0;6175687547.0;192766793.0;0.9566115106850617;0.043388489314938376;33516614.056179777;2652887.882352941;69389747.71910113;3779741.0392156863
2009;05;USA;150;91;1610323242.0;2862143999.0;2407071899.0;4427687610.0;0.36005255158446897;0.6399474484155311;10735488.28;31452131.85714286;16047145.993333334;48655907.8021978
2010;05;Canada;122;68;4853641781.0;525763830.0;11300050929.0;731311220.0;0.9022635830016426;0.09773641699835747;39783949.024590164;7731821.029411765;92623368.27049181;10754576.764705881
2010;05;China;130;105;333195285.0;3872328867.0;234789915.0;9834811949.0;0.07922800415770861;0.9207719958422914;2563040.653846154;36879322.54285714;1806076.2692307692;93664875.70476191
2010;05;Russian Federation;90;58;2987627787.0;13380483.0;9706858114.0;14780432.0;0.9955413375118757;0.004458662488124366;33195864.3;230697.9827586207;107853979.04444444;254835.0344827586
2010;05;Sweden;86;47;3316565447.0;169897956.0;5809853441.0;226530240.0;0.9512692558729262;0.0487307441270738;38564714.5;3614850.1276595746;67556435.36046511;4819792.340425532
2010;05;USA;145;91;2290755114.0;3619069578.0;3730731809.0;6915634535.0;0.38761811616864794;0.6123818838313521;15798311.131034482;39769995.36263736;25729184.889655173;75995983.9010989
2011;05;Canada;120;65;5356209902.0;522151532.0;12009027067.0;739284852.0;0.9111739661022007;0.08882603389779928;44635082.516666666;8033100.492307693;100075225.55833334;11373613.107692307
2011;05;China;127;113;351295316.0;5716426602.0;246203426.0;13940463162.0;0.057895750785459776;0.9421042492145403;2766104.850393701;50587846.03539823;1938609.653543307;123366930.63716814
2011;05;Japan;29;77;31735181.0;2717601402.0;66995539.0;4910763062.0;0.011542850444804924;0.988457149555195;1094316.5862068965;35293524.7012987;2310191.0;63776143.66233766
2011;05;Russian Federation;80;57;3392621801.0;19408335.0;11144457832.0;20193799.0;0.9943117926201107;0.005688207379889332;42407772.5125;340497.1052631579;139305722.9;354277.1754385965
2011;05;Sweden;83;51;3394453991.0;177371458.0;5909305948.0;219550918.0;0.9503415100954448;0.04965848990455524;40897036.03614458;3477871.725490196;71196457.20481928;4304919.960784313
2011;05;USA;152;96;2647314857.0;3583524677.0;4468433875.0;6367791294.0;0.42487289915818266;0.5751271008418173;17416545.111842107;37328382.052083336;29397591.282894738;66331159.3125
2012;05;Canada;114;64;5865211910.0;552220249.0;13800432053.0;773041019.0;0.913949967008915;0.08605003299108502;51449227.28070176;8628441.390625;121056421.51754385;12078765.921875
2012;05;China;135;110;321472997.0;5518589149.0;210739269.0;13395617112.0;0.05504616029132235;0.9449538397086776;2381281.459259259;50168992.263636366;1561031.6222222222;121778337.38181818
2012;05;Russian Federation;92;55;3383069071.0;17487665.0;11212118003.0;24834202.0;0.9948574111953884;0.005142588804611552;36772489.902173914;317957.54545454547;121870847.85869566;451530.94545454544
2012;05;Sweden;80;46;3171567211.038;153532774.706;6008437049.029;212125298.008;0.9538261179019414;0.046173882098058665;39644590.137975;3337669.0153478263;75105463.1128625;4611419.521913043
2012;05;USA;149;96;2693562903.0;4183267042.0;4614439128.0;7149188488.0;0.39168671096170316;0.6083132890382968;18077603.375838928;43575698.354166664;30969390.120805368;74470713.41666667
2013;05;Canada;115;63;7373612456.0;580953304.0;17359936084.0;811910371.0;0.9269660567869892;0.0730339432130108;64118369.182608694;9221481.015873017;150955965.9478261;12887466.206349207
2013;05;China;136;106;314391800.0;6826048628.0;199775729.0;15794652903.0;0.04402974902880879;0.9559702509711913;2311704.411764706;64396685.16981132;1468939.1838235294;149006159.46226415
2013;05;Japan;34;74;26490609.0;3090169273.0;59646871.0;5421123942.0;0.008499679144649124;0.9915003208553509;779135.5588235294;41759044.22972973;1754319.7352941176;73258431.64864865
2013;05;Russian Federation;93;64;3674262226.0;23351677.0;12188694556.0;32355546.0;0.9936846632415964;0.006315336758403572;39508195.97849462;364869.953125;131061231.78494623;505555.40625
2013;05;Sweden;90;44;3285634585.249;163002800.12;5898861281.442;236962184.07700002;0.9527341434006525;0.047265856599347546;36507050.94721111;3704609.0936363637;65542903.12713334;5385504.183568182
2013;05;USA;152;95;3135305998.0;5284076570.0;5363767198.0;9140482737.0;0.37239143995149077;0.6276085600485093;20627013.14473684;55621858.631578945;35287942.09210526;96215607.75789474
2014;05;Canada;116;66;7737695082.0;627650314.0;16937193581.0;794986877.0;0.924970185415163;0.07502981458483701;66704267.948275864;9509853.242424242;146010289.49137932;12045255.712121213
2014;05;China;135;110;284091307.0;8083715055.0;176419130.0;17064231136.0;0.03395051160482387;0.9660494883951761;2104380.051851852;73488318.68181819;1306808.3703703703;155129373.96363637
2014;05;Russian Federation;83;55;3755778277.0;20202434.0;13004945033.0;33615988.0;0.9946497518005992;0.005350248199400826;45250340.686746985;367316.9818181818;156686084.73493975;611199.7818181819
2014;05;Sweden;85;45;3509178078.395;179465306.924;6224776930.389;258559400.946;0.9513465282010505;0.04865347179894962;41284447.98111764;3988117.9316444444;73232669.76928236;5745764.465466667
2014;05;USA;147;94;3614316562.0;6005356627.0;5642912958.0;9313990099.0;0.3757213463481207;0.6242786536518793;24587187.49659864;63886772.627659574;38387162.97959184;99085001.05319148
2015;05;China;129;110;198871622.0;7504561254.0;126563269.0;17622499345.035;0.02581597389127429;0.9741840261087257;1541640.480620155;68223284.12727273;981110.6124031008;160204539.50031817
2015;05;Russian Federation;91;48;3084872171.0;10985439.0;14370936041.0;42843777.0;0.9964515683910927;0.0035484316089072327;33899694.18681318;228863.3125;157922374.07692307;892578.6875
2015;05;Sweden;90;47;2912930514.49;143462505.976;6476253402.17;243953487.904;0.9530614992851519;0.046938500714848085;32365894.605444442;3052393.744170213;71958371.13522223;5190499.742638298
2015;05;USA;152;93;3230545163.0;5731772126.0;4709688451.0;8422837784.0;0.36045869152223003;0.6395413084777699;21253586.59868421;61631958.34408602;30984792.440789472;90568148.21505377
2016;05;China;138;110;186345429.0;8134623340.0;343120437.434;12331850250.243;0.02239467953469974;0.9776053204653002;1350329.1956521738;73951121.27272727;2486379.9814057974;112107729.54766364
2016;05;Russian Federation;91;50;3262131594.92;6782841.71;16451866985.007;17796738.16;0.9979250476445652;0.002074952355434726;35847599.944175825;135656.8342;180789747.087989;355934.7632
2016;05;Sweden;85;44;2838440364.66;150418141.973;6574942925.435;261723269.845;0.9496737160226267;0.050326283977373217;33393416.05482353;3418594.13575;77352269.71100001;5948256.132840909
2016;05;USA;148;92;3428766586.0;6808004396.0;5710037283.322;13551104229.347002;0.33494610673903225;0.6650538932609678;23167341.7972973;74000047.7826087;38581332.99541891;147294611.18855438
2017;05;China;135;113;197129831.0;10059662740.0;125569457.0;25091941914.935;0.019219442104870466;0.9807805578951295;1460220.9703703704;89023564.07079646;930144.1259259259;222052583.31800887
2017;05;Russian Federation;90;53;4010279318.0199995;9863313.26;18284409834.05;29718583.947;0.9975465265378259;0.002453473462174041;44558659.089111105;186100.25018867923;203160109.26722223;560727.9990000001
2017;05;Sweden;92;46;3065642669.533;166796897.333;7642330898.6710005;276357122.829;0.9483990670567377;0.05160093294326221;33322202.92970652;3626019.5072391303;83068814.11598913;6007763.53976087
2017;05;USA;136;94;2655854308.0;515683252.0;3539655132.029;450003426.04;0.8374027605714371;0.16259723942856286;19528340.5;5485992.042553191;26026875.97080147;4787270.489787234
2018;05;Canada;111;69;8099117003.965001;471599686.656;16255949727.722;647342735.7629999;0.9449754666173863;0.05502453338261374;72965018.05373874;6834778.067478261;146449997.54704505;9381778.77917391
2018;05;China;139;111;173598292.0;10127852073.0;112637709.0;24700775850.619;0.01685183016459644;0.9831481698354035;1248908.5755395684;91241910.56756757;810343.2302158274;222529512.16773874
2018;05;Russian Federation;92;52;4508879218.16;11436644.21;19249107301.951;34750184.71;0.9974699457829471;0.002530054217052826;49009556.719130434;219935.4655769231;209229427.19511956;668272.7828846154
2018;05;Sweden;97;47;3255445415.552;179192181.317;6324253349.47;257391934.41799998;0.9478279217928696;0.052172078207130435;33561292.94383505;3812599.6024893615;65198488.138865985;5476424.136553192
2019;05;Canada;113;62;6267695341.8169985;578168411.838;13958066127.100002;679588058.126;0.9155448556028716;0.08445514439712835;55466330.45855751;9325296.965129033;123522709.08938055;10961097.711709678
2019;05;China;135;106;162999383.0;8590273216.0;116116237.0;24453265916.737;0.018621536249039193;0.9813784637509608;1207402.8370370371;81040313.35849057;860120.2740740741;230691187.89374527
2019;05;Russian Federation;97;47;4517691118.55;13079800.39;19857148297.538;47636174.46;0.9971131181372859;0.0028868818627140157;46574135.24278351;278293.62531914894;204712869.04678348;1013535.6268085106
2019;05;Sweden;92;41;3014131829.573;158325521.798;6482450176.035;263727827.08499998;0.9500937272712024;0.04990627272879761;32762302.495358694;3861598.0926341466;70461414.95690218;6432386.026463415
2019;05;USA;145;93;2941536922.0;6148502622.0;4576623059.043;11181057430.140001;0.3236000138130972;0.6763999861869028;20286461.531034485;66112931.41935484;31562917.648572415;120226423.98000002
2020;05;Canada;112;62;7699729176.739;516363463.289;15968600087.157;764159050.3940002;0.9371521858488636;0.06284781415113648;68747581.93516965;8328442.956274193;142576786.4924732;12325145.974096777
2020;05;China;120;99;148648900.0;7643083839.0;113469967.0;21735212876.562;0.019077771912782236;0.9809222280872177;1238740.8333333333;77202867.06060606;945583.0583333333;219547604.81375757
2020;05;Russian Federation;96;49;4216123721.4490004;13028390.605999999;18057932389.402;42960127.79000001;0.9969193847227998;0.00308061527720017;43917955.43176042;265885.52257142856;188103462.38960418;876737.3018367349
2020;05;Sweden;92;50;3360688741.946;188006955.548;7182603944.156;324494020.987;0.9470208291793614;0.05297917082063864;36529225.455934785;3760139.11096;78071782.00169565;6489880.41974
2020;05;USA;148;93;2700912467.0;8458788826.0;3938307942.473;15813754161.289997;0.24202372412012194;0.757976275879878;18249408.56081081;90954718.55913979;26610188.800493244;170040367.32569888
2021;05;Canada;113;74;13320448187.251999;770002278.5639999;21153603628.933002;891767151.814;0.9453528983738273;0.05464710162617274;117880072.4535575;10405436.19681081;187200032.11445135;12050907.456945946
2021;05;China;131;104;179358887.0;7853778480.0;128030550.0;18916610941.952;0.022327377064010313;0.9776726229359897;1369151.8091603054;75517100.76923077;977332.4427480916;181890489.82646152
2021;05;Russian Federation;94;50;6057700383.202001;12230079.873;16980862336.057999;21649873.230000004;0.9979851367412857;0.0020148632587142184;64443621.097893625;244601.59746;180647471.66019148;432997.46460000006
2021;05;Sweden;86;44;5332905864.583;260340999.153;6372420250.871;287861115.496;0.9534544057332908;0.046545594266709275;62010533.30910465;5916840.889840909;74097909.89384884;6542298.079454545
2021;05;USA;138;96;3535657547.0;14264283075.0;4405238298.749001;19529876099.339;0.19863310906948037;0.8013668909305196;25620706.86231884;148586282.03125;31922016.657601453;203436209.3681146
2022;05;Canada;103;75;10749326129.955;749848532.6500001;14967643870.018997;735327206.948;0.9347910998266261;0.06520890017337391;104362389.6112136;9997980.435333334;145316930.77688345;9804362.759306666
2022;05;China;131;105;166778584.0;7526773166.0;111847947.0;17032713201.049;0.021677710038149806;0.9783222899618502;1273118.9618320612;71683553.96190476;853801.1221374046;162216316.20046666
2022;05;Germany;113;85;4192367999.303;1729650181.744;6126490834.667;2383565452.074;0.707928930836514;0.292071069163486;37100601.76374336;20348825.66757647;54216733.05015044;28041946.494988233
2022;05;Sweden;86;44;4812487857.457;255250818.62100002;6924361507.837;318058270.149;0.9496322058148147;0.05036779418518528;55959161.133220926;5801154.968659092;80515831.48647675;7228597.048840909
2022;05;USA;146;96;3516022197.0;12977463925.0;3920793217.254;15610503652.463003;0.21317641225102307;0.7868235877489769;24082343.815068495;135181915.88541666;26854748.063383564;162609413.04648963
2023;05;Canada;99;68;6466620159.376999;629194163.4389999;10702696034.437;728114602.5790001;0.9113288292485503;0.0886711707514497;65319395.54926261;9252855.344691174;108108040.75188889;10707567.684985295
2023;05;China;132;91;118659604.0;6838924960.0;103929932.0;17218651197.221;0.017054712437699952;0.9829452875623;898936.3939393939;75153021.53846154;787347.9696969697;189215947.2222088
2023;05;Germany;118;86;2916238321.031;1024089726.2739999;5481374213.0;1641163445.415;0.740100389109879;0.25989961089012104;24713884.0765339;11908020.072953487;46452323.83898305;19083295.876918603
2023;05;Sweden;79;41;3604349573.796;194611453.40899998;7059073931.486;320754718.90099996;0.9487724533062186;0.05122754669378143;45624678.14931645;4746620.814853658;89355366.22134177;7823285.826853658
2023;05;USA;141;92;2833529851.0;8015100210.0;3486315826.9;11798968257.196001;0.26118780298227;0.7388121970177299;20095956.390070923;87120654.45652173;24725644.162411347;128249654.96952175
1996;07;Canada;91;41;1268580021.0;234485803.0;0.0;130770181.0;0.8439949872747555;0.15600501272524442;13940439.79120879;5719165.926829268;0.0;3189516.6097560977
1996;07;Germany;118;70;894495217.0;1229428847.0;1339498542.0;2038352479.0;0.4211521646001747;0.5788478353998253;7580467.940677966;17563269.242857143;11351682.559322033;29119321.12857143
1996;07;Indonesia;86;30;3725995944.0;12748507.0;4891200613.0;26080091.0;0.99659016357842;0.0034098364215800207;43325534.23255814;424950.23333333334;56874425.73255814;869336.3666666667
1996;07;Japan;55;48;17829908.0;2940158993.0;2741828.0;700757096.0;0.006027712948473974;0.9939722870515261;324180.14545454545;61253312.354166664;49851.41818181818;14599106.166666666
1996;07;Malaysia;79;29;1781475720.0;25446040.0;16764915.0;1339749.0;0.9859174644064279;0.014082535593572131;22550325.56962025;877449.6551724138;212214.11392405065;46198.24137931035
1996;07;USA;125;69;682078484.0;2009165547.0;350546842.0;2833180646.0;0.25344356592834;0.74655643407166;5456627.872;29118341.260869566;2804374.736;41060589.072463766
1997;07;Canada;88;46;1340618503.0;262463735.0;0.0;128225478.0;0.8362755641735206;0.16372443582647941;15234301.170454545;5705733.369565218;0.0;2787510.3913043477
1997;07;Germany;122;68;992449309.0;1201078675.0;1724948113.0;2225883619.0;0.4524443345328208;0.5475556654671792;8134830.401639344;17662921.69117647;14138918.959016394;32733582.63235294
1997;07;Indonesia;103;31;3484002403.0;13614320.0;4605880119.0;25388152.0;0.9961075437710274;0.0038924562289725764;33825266.04854369;439171.6129032258;44717282.708737865;818972.6451612903
1997;07;Japan;51;57;16703251.0;2968159221.0;3061692.0;844476744.0;0.005595986802302495;0.9944040131976976;327514.7254901961;52072968.78947368;60033.17647058824;14815381.47368421
1997;07;Malaysia;86;32;1637044618.0;29054984.0;589560479.0;47100251.0;0.9825610762014935;0.017438923798506496;19035402.534883723;907968.25;6855354.4069767445;1471882.84375
1997;07;USA;134;71;807969902.0;2095218566.0;397932842.0;3523534305.0;0.27830432330030874;0.7216956766996913;6029626.134328358;29510120.647887323;2969648.074626866;49627243.73239437
1998;07;Canada;96;52;1789014617.0;243419530.0;0.0;131442384.0;0.8802325131373617;0.11976748686263831;18635568.927083332;4681144.807692308;0.0;2527738.153846154
1998;07;Germany;134;71;1221767000.0;1292821000.0;2042078936.0;2437834506.0;0.4858716417957932;0.5141283582042068;9117664.179104477;18208746.478873238;15239395.04477612;34335697.26760563
1998;07;Indonesia;108;25;2064518567.0;10997230.0;4718581607.0;13866933.0;0.9947014472181346;0.005298552781865432;19115912.657407407;439889.2;43690570.43518519;554677.32
1998;07;Japan;56;48;13397476.0;1488770924.0;4503669.0;539075682.0;0.008918757710520338;0.9910812422894797;239240.64285714287;31016060.916666668;80422.66071428571;11230743.375
1998;07;USA;136;72;594768967.0;2605604971.0;335351018.0;4177679630.0;0.1858435853191853;0.8141564146808147;4373301.227941177;36188957.93055555;2465816.3088235296;58023328.19444445
1999;07;Canada;87;54;2412016628.0;295702369.0;0.0;141007707.0;0.8907928151600585;0.1092071848399415;27724329.057471264;5475969.796296297;0.0;2611253.8333333335
1999;07;Germany;128;70;1238982023.0;1107013292.0;2184846322.0;2252645156.0;0.5281263841739599;0.47187361582604015;9679547.0546875;15814475.6;17069111.890625;32180645.085714284
1999;07;Indonesia;131;30;2408693570.0;5363631.0;4321346607.0;13329689.0;0.9977781673947999;0.002221832605200145;18386973.816793893;178787.7;32987378.679389313;444322.9666666667
1999;07;Japan;54;47;13433145.0;2194813008.0;3056789.0;581203875.0;0.006083173735749739;0.9939168262642503;248761.94444444444;46698149.10638298;56607.2037037037;12366039.89361702
1999;07;Malaysia;103;34;1237837482.0;26658965.0;4340354.0;3186531.0;0.978917327080477;0.021082672919523038;12017839.631067961;784087.2058823529;42139.35922330097;93721.5
1999;07;USA;135;76;579096808.0;3390803493.0;359626045.0;4652761350.0;0.1458718768967896;0.8541281231032104;4289605.985185185;44615835.434210524;2663896.6296296297;61220544.078947365
2000;07;Canada;94;53;2211547557.0;337479457.0;11733797.0;173872771.0;0.8676045976968999;0.13239540230310012;23527101.670212764;6367536.924528302;124827.62765957447;3280618.320754717
2000;07;Germany;139;75;1306077000.0;952931000.0;2641676675.0;2101787888.0;0.5781639551519959;0.4218360448480041;9396237.410071943;12705746.666666666;19004868.165467627;28023838.506666668
2000;07;Indonesia;136;28;2192787320.0;12567337.0;4088329069.0;30481792.0;0.9943014440057929;0.005698555994207148;16123436.176470589;448833.46428571426;30061243.154411763;1088635.4285714286
2000;07;Japan;55;50;11481813.0;2161326246.0;14943251.0;2904149851.0;0.005284319962106695;0.9947156800378933;208760.23636363636;43226524.92;271695.4727272727;58082997.02
2000;07;Malaysia;99;34;1208290089.0;33761829.0;1973246620.0;68873497.0;0.9728176990746372;0.02718230092536277;12204950.393939395;992994.9705882353;19931784.04040404;2025691.0882352942
2000;07;USA;137;84;615723625.0;3016532097.0;878011074.0;5679618815.0;0.16951549453708864;0.8304845054629113;4494333.02919708;35911096.39285714;6408839.95620438;67614509.70238096
2001;07;Canada;83;50;1987714349.0;318370864.0;12477033.0;193623408.0;0.8619431484121831;0.13805685158781686;23948365.65060241;6367417.28;150325.6987951807;3872468.16
2001;07;Germany;137;71;1476884000.0;913843000.0;2971785552.0;2224748982.0;0.6177551849291032;0.38224481507089686;10780175.182481753;12871028.169014085;21691865.343065694;31334492.704225354
2001;07;Indonesia;138;33;2011922372.0;13418062.0;4255331520.0;30531241.0;0.9933749103238414;0.006625089676158611;14579147.623188406;406607.9393939394;30835735.652173914;925189.1212121212
2001;07;Japan;54;52;11459596.0;1975805680.0;15727485.0;2762462922.0;0.005766515491613712;0.9942334845083863;212214.74074074073;37996263.07692308;291249.72222222225;53124286.961538464
2001;07;Malaysia;107;40;1137502913.0;32529786.0;1882081901.0;66218090.0;0.9721975411218828;0.027802458878117216;10630868.345794393;813244.65;17589550.476635516;1655452.25
2001;07;USA;136;87;525596506.0;2860221235.0;809104923.0;5998966071.0;0.1552347309293634;0.8447652690706366;3864680.1911764704;32876106.149425287;5949300.904411765;68953633.0
2002;07;Canada;97;58;2079490574.0;421636321.0;483005138.0;447625318.0;0.831421459725657;0.16857854027434302;21438047.154639177;7269591.74137931;4979434.412371134;7717677.8965517245
2002;07;Germany;148;72;1792188000.0;866238000.0;3620621700.0;1951527857.0;0.6741538037921687;0.32584619620783123;12109378.378378378;12031083.333333334;24463660.135135137;27104553.569444444
2002;07;Indonesia;136;30;1959547365.0;18945912.0;3991550360.0;63604153.0;0.9904240705691314;0.009575929430868619;14408436.50735294;631530.4;29349635.0;2120138.433333333
2002;07;Japan;58;52;13261367.0;1980709783.0;19315097.0;2784906952.0;0.006650731631698884;0.9933492683683011;228644.25862068965;38090572.75;333018.9137931034;53555902.92307692
2002;07;USA;134;84;556415385.0;3548998119.0;1138138540.0;7784653122.0;0.13553211740007956;0.8644678825999205;4152353.619402985;42249977.60714286;8493571.19402985;92674441.92857143
2003;07;Canada;96;55;3004527740.0;469827910.0;7419069622.0;789858105.0;0.8647726492824648;0.1352273507175352;31297163.958333332;8542325.636363637;77281975.22916667;14361056.454545455
2003;07;Germany;150;69;2096412000.0;1041469000.0;3676520900.0;1970713735.0;0.668097993518556;0.331902006481444;13976080.0;15093753.623188406;24510139.333333332;28561068.623188406
2003;07;Indonesia;130;34;1823349228.0;15528200.0;3603367316.0;45114863.0;0.9915556090016893;0.008444390998310737;14025763.292307692;456711.76470588235;27718210.123076923;1326907.7352941176
2003;07;Japan;62;52;19846805.0;2002746120.0;24014916.0;2437264783.0;0.0098125553366108;0.9901874446633891;320109.7580645161;38514348.461538464;387337.3548387097;46870476.59615385
2003;07;USA;134;85;537510791.0;4814613268.0;971051318.0;9040188779.0;0.10042943419746317;0.8995705658025368;4011274.5597014925;56642509.035294116;7246651.626865672;106355162.10588235
2004;07;Canada;106;62;4138247430.0;587018370.0;8358368742.0;793837800.0;0.8757702963503132;0.12422970364968676;39040070.094339624;9468038.225806452;78852535.3018868;12803835.483870968
2004;07;Germany;156;75;2624401000.0;1239599000.0;4268918379.0;2022745625.0;0.6791928053830227;0.3208071946169772;16823083.333333332;16527986.666666666;27364861.403846152;26969941.666666668
2004;07;Japan;58;49;16952560.0;2498311897.0;21933039.0;2707345056.0;0.006739871806648759;0.9932601281933512;292285.5172413793;50985957.08163265;378155.8448275862;55251939.91836735
2004;07;USA;148;88;626371496.0;7097508285.0;1057054006.0;10836912404.0;0.08109544862943278;0.9189045513705673;4232239.837837838;80653503.23863636;7142256.797297297;123146731.86363636
2005;07;Canada;103;57;3923854774.0;629188407.0;7935577617.0;947749890.0;0.8618092598757631;0.13819074012423693;38095677.41747573;11038393.105263159;77044442.88349515;16627191.05263158
2005;07;China;189;51;2244199704.0;619712780.0;3040784634.0;1359869593.0;0.7836132271980417;0.21638677280195828;11874072.507936507;12151230.980392156;16088807.587301588;26664109.666666668
2005;07;Germany;147;85;2872738000.0;1390527000.0;4816018300.0;2266918904.0;0.6738351943874002;0.32616480561259975;19542435.37414966;16359141.176470589;32762029.25170068;26669634.164705884
2005;07;Japan;56;52;15706304.0;2265118465.0;22999477.0;2568665227.0;0.006886238791104605;0.9931137612088954;280469.71428571426;43559970.48076923;410704.9464285714;49397408.211538464
2005;07;USA;137;84;632167379.0;7262247347.0;1038711015.0;11565975568.0;0.08007780195762672;0.9199221980423733;4614360.430656934;86455325.5595238;7581832.226277372;137690185.33333334
2006;07;Canada;119;62;3133762551.0;740991206.0;6352249833.0;1060474953.0;0.8087643105935829;0.19123568940641716;26334139.084033612;11951471.064516129;53380250.697478995;17104434.725806452
2006;07;China;192;59;3478678717.0;493936988.0;4734109992.0;1114838401.0;0.8756645432936484;0.12433545670635161;18118118.317708332;8371813.355932203;24656822.875;18895566.118644066
2006;07;Germany;154;76;2997019000.0;1668043000.0;4863528300.0;2546818323.0;0.642439264472798;0.357560735527202;19461162.33766234;21947934.210526317;31581352.5974026;33510767.407894738
2006;07;Japan;54;49;16707730.0;2754794322.0;28153392.0;2951832053.0;0.006028402536430812;0.9939715974635692;309402.4074074074;56220292.28571428;521359.1111111111;60241470.469387755
2006;07;USA;140;86;734003834.0;6626699240.0;1161122380.0;11098120220.0;0.09971925597606303;0.900280744023937;5242884.528571429;77054642.3255814;8293731.285714285;129047909.53488372
2007;07;Canada;108;57;2226059648.0;779249354.0;47056250.0;549454626.0;0.740709074014879;0.25929092598512105;20611663.407407407;13671041.298245614;435706.01851851854;9639554.842105264
2007;07;China;195;62;4575475440.0;442004748.0;2572645231.0;786792614.0;0.911907026746789;0.08809297325321098;23463976.615384616;7129108.838709678;13193052.466666667;12690203.451612903
2007;07;Germany;143;76;3583335000.0;1992418000.0;4654874229.0;2572133700.0;0.6426638697948062;0.35733613020519384;25058286.713286713;26216026.315789472;32551568.034965035;33843864.473684214
2007;07;Japan;61;49;21248300.0;2546599321.0;28821297.0;1129062189.0;0.008274751128622363;0.9917252488713776;348332.7868852459;51971414.71428572;472480.2786885246;23042085.48979592
2007;07;USA;139;90;759461403.0;5037372927.0;353511509.0;4157045841.0;0.13101312885027716;0.8689868711497228;5463751.100719425;55970810.3;2543248.2661870504;46189398.233333334
2008;07;China;197;56;4517383479.0;404520216.0;5646426678.0;713859028.0;0.9178122448005355;0.08218775519946454;22930880.604060914;7223575.285714285;28662064.35532995;12747482.642857144
2008;07;Germany;143;70;4000589815.352;2120130256.275;4788303360.931;2494577891.879;0.6536142428563261;0.3463857571436738;27976152.55490909;30287575.08964286;33484638.887629367;35636827.02684286
2008;07;Japan;52;49;28455620.0;2250403343.0;31326149.0;2183867740.0;0.012486784159094974;0.987513215840905;547223.4615384615;45926598.8367347;602425.9423076923;44568729.3877551
2008;07;USA;150;81;843177047.0;3714418784.0;1113710336.0;5333964711.0;0.18500478723120897;0.814995212768791;5621180.3133333335;45857022.02469136;7424735.573333333;65851416.18518519
2009;07;China;198;59;3402956827.0;299928265.0;3891157674.0;654522612.0;0.9190014657360045;0.08099853426399546;17186650.641414143;5083529.915254237;19652311.484848484;11093603.593220338
2009;07;Germany;147;72;3080589971.104;1540463193.4910002;4155867650.367;2292814870.113;0.6666423997686229;0.3333576002313771;20956394.3612517;21395322.131819446;28271208.50589796;31844650.973791666
2009;07;Japan;56;45;21685265.0;1705608399.0;24809741.0;1612900083.0;0.012554474929168733;0.9874455250708313;387236.875;37902408.86666667;443031.08928571426;35842224.06666667
2009;07;USA;146;81;616447996.0;2810648707.0;720810079.0;3779820569.0;0.1798747013646787;0.8201252986353212;4222246.547945205;34699366.75308642;4937055.335616439;46664451.469135806
2010;07;China;195;64;4500444997.0;355777814.0;5967880181.0;760970852.0;0.9267377491011913;0.07326225089880868;23079205.112820514;5559028.34375;30604513.74871795;11890169.5625
2010;07;Germany;144;70;3099102879.755;1855992984.813;4247408808.244;2788236949.299;0.6254375221911452;0.3745624778088549;21521547.77607639;26514185.497328572;29495894.501694445;39831956.41855714
2010;07;Japan;63;46;18707272.0;2075109658.0;18548869.0;2349215092.0;0.008934530871330762;0.9910654691286692;296940.8253968254;45111079.52173913;294426.49206349207;51069893.30434783
2010;07;USA;139;81;829998999.0;3295468931.0;1018710921.0;4578101505.0;0.2011890561466563;0.7988109438533437;5971215.820143885;40684801.61728395;7328855.54676259;56519771.666666664
2011;07;China;197;69;5796825306.0;351061558.0;7564407098.0;686063965.0;0.9428971993522358;0.057102800647764164;29425509.16751269;5087848.666666667;38398005.57360406;9942956.014492754
2011;07;Germany;132;66;3249603612.941;2316476929.397;3866754062.414;3148569718.58;0.5838225998030605;0.41617740019693955;24618209.18894697;35098135.29389393;29293591.38192424;47705601.79666667
2011;07;Japan;55;44;21872937.0;2861235702.0;22265546.0;3035690663.0;0.007586580923147794;0.9924134190768522;397689.7636363636;65028084.13636363;404828.10909090907;68992969.61363636
2011;07;USA;149;84;840155306.0;3123222245.0;1036720311.0;4489003870.0;0.21197962979530435;0.7880203702046956;5638626.214765101;37181217.202380955;6957854.436241611;53440522.26190476
2012;07;China;197;69;6425187490.0;332147108.0;8030892820.0;611553151.0;0.9508464316539383;0.049153568346061646;32615164.923857868;4813726.202898551;40765953.40101523;8863089.144927537
2012;07;Germany;148;66;2991620334.226;2105814807.9599998;3786272594.519;3095671703.872;0.586887375862337;0.41311262413766303;20213650.906932432;31906284.969090905;25582922.93593919;46904116.72533333
2012;07;Japan;54;48;22440664.0;2657834594.0;21358886.0;2573537085.0;0.00837252216279646;0.9916274778372035;415567.85185185185;55371554.041666664;395534.9259259259;53615355.9375
2012;07;USA;150;82;899352157.0;3775874559.0;1120358593.0;4910897696.0;0.192365464100843;0.807634535899157;5995681.046666667;46047250.719512194;7469057.286666667;59888996.29268292
2013;07;China;196;72;6603773609.0;330387015.0;7846362237.0;629365444.0;0.9523537118744424;0.04764628812555756;33692722.49489796;4588708.541666667;40032460.39285714;8741186.722222222
2013;07;Germany;148;70;3072238707.601;2133960852.576;3803391750.927;2981295234.031;0.5901115913998022;0.40988840860019776;20758369.6459527;30485155.0368;25698592.91166892;42589931.914728574
2013;07;Japan;55;42;23902646.0;2653527621.0;25378968.0;2611827949.0;0.008927457904172561;0.9910725420958274;434593.56363636366;63179229.071428575;461435.7818181818;62186379.73809524
2013;07;USA;147;83;910080170.0;4423301796.0;1127967594.0;5571533953.0;0.17063847588672781;0.8293615241132721;6191021.56462585;53292792.72289157;7673248.9387755105;67126915.09638554
2014;07;China;201;67;7491932283.0;379915102.0;8637403811.0;649699681.0;0.9517374914147932;0.048262508585206775;37273294.940298505;5670374.6567164175;42972158.26368159;9697010.164179105
2014;07;Germany;148;68;3074108816.95;2282434922.9560003;3783514103.926;3165445088.256;0.5738978278190904;0.4261021721809097;20771005.51993243;33565219.4552353;25564284.485986486;46550663.06258824
2014;07;USA;155;89;879567114.0;4637033258.0;1029298964.0;6027013791.0;0.1594400635696437;0.8405599364303563;5674626.541935484;52101497.28089888;6640638.477419355;67719256.07865168
2015;07;China;199;64;6997815148.0;361956553.0;7956390070.713;681351511.733;0.9508195949949345;0.04918040500506552;35164900.24120603;5655571.140625;39981859.651824124;10646117.370828126
2015;07;Germany;150;76;2716272062.856;1994453292.682;3999213186.8320003;3338861784.821;0.5766143975391623;0.4233856024608377;18108480.41904;26242806.482657894;26661421.24554667;43932391.905539475
2015;07;USA;156;82;769446743.0;5066182496.0;906907865.0;6688985576.0;0.1318532606317281;0.8681467393682719;4932350.916666667;61782713.36585366;5813511.955128205;81572994.82926829
2016;07;China;202;69;6578876631.0;440041933.0;7498395699.443999;706538296.525;0.9373063059518922;0.06269369404810778;32568696.193069305;6377419.31884058;37120770.78932673;10239685.456884058
2016;07;Germany;146;70;2787987767.553;1992499860.682;4091140304.831;3393043711.2869997;0.5832015443542421;0.4167984556457579;19095806.62707534;28464283.72402857;28021508.937198628;48472053.01838571
2016;07;USA;153;93;749947042.0;5515796735.0;989177089.6510001;7976073402.282;0.11969002702486345;0.8803099729751366;4901614.653594771;59309642.31182796;6465209.736281047;85764230.1320645
2017;07;China;202;76;6278658681.0;501731561.0;8198329970.899;997419863.678;0.9260025539692233;0.07399744603077671;31082468.71782178;6601731.065789473;40585791.93514357;13123945.574710526
2017;07;Germany;147;74;2963661369.7009997;2129081860.49;4284528902.83;3499900627.385;0.5819381099230972;0.41806189007690264;20160961.69864626;28771376.49310811;29146455.121292517;47295954.424121626
2017;07;USA;156;94;721028318.0;4447891890.0;893664648.0400001;6668362866.13;0.13949302542609496;0.860506974573905;4621976.397435897;47317998.82978723;5728619.538717949;70940030.49074468
2018;07;China;201;78;6693819255.0;507773958.0;8111999210.0;985439840.648;0.9294914412711636;0.07050855872883638;33302583.358208954;6509922.538461538;40358205.02487562;12633844.110871796
2018;07;Germany;153;67;3128391639.824;2405894559.98;4200830350.484;3606750090.324;0.5652746401035049;0.4347253598964951;20447004.181856208;35908874.029552236;27456407.51950327;53832090.90035821
2018;07;USA;148;87;692376424.0;5781875751.0;746772114.962;7867295467.8;0.10694307315887028;0.8930569268411297;4678219.081081081;66458341.96551724;5045757.533527027;90428683.53793104
2019;07;China;198;73;5508401300.0;477186047.0;7192283210.739;941011356.26;0.9202774900212312;0.07972250997876884;27820208.585858587;6536795.164383561;36324662.6805;12890566.524109589
2019;07;Germany;153;74;2830470182.369;2183569474.426;4025006747.647;3442081769.748;0.5645089341352061;0.4354910658647939;18499805.113522876;29507695.600351352;26307233.644751634;46514618.51010811
2019;07;USA;152;92;676353237.0;5322178017.0;987070553.5970001;7628633309.716001;0.11275314045400488;0.8872468595459951;4449692.34868421;57849761.05434783;6493885.221032895;82919927.27952175
2020;07;Canada;84;67;2703459758.111999;855175536.5699999;4645824311.551999;1267373306.8760002;0.7596900312184368;0.24030996878156313;32184044.73942856;12763813.978656715;55307432.28038094;18916019.50561194
2020;07;China;200;66;5207782356.0;481846347.0;6843885908.683;1027611065.979;0.9153114601756114;0.0846885398243886;26038911.78;7300702.2272727275;34219429.543414995;15569864.636045454
2020;07;Germany;149;67;2825884416.87;2167619190.6860003;3951001223.804;3528294497.689;0.5659121608711702;0.43408783912882987;18965667.227315437;32352525.234119408;26516786.736939598;52661111.905805975
2020;07;USA;150;84;627583732.0;6174124763.0;783060897.1169999;8477465179.618;0.09226854289056091;0.9077314571094391;4183891.546666667;73501485.27380952;5220405.980779999;100922204.51926191
2021;07;Canada;83;67;5075655109.477998;1258870490.892;5068864949.896;1532541397.141;0.801268386883073;0.19873161311692697;61152471.19853009;18789111.804358207;61070662.04693976;22873752.19613433
2021;07;China;198;70;7368855378.0;597291823.0;9062655949.357;977314836.439;0.9250212420221131;0.07497875797788688;37216441.303030305;8532740.32857143;45770989.643217176;13961640.520557143
2021;07;USA;128;97;569174810.0;10491579135.0;541349429.5189999;9803812615.469;0.05145895233093896;0.948541047669061;4446678.203125;108160609.63917525;4229292.418117187;101070233.14916494
2022;07;Canada;74;66;4500745821.606;1255127491.367;4975682147.757;1240143766.392;0.781939694791735;0.21806030520826508;60820889.48116216;19017083.202530306;67238947.94266216;18790057.066545453
2022;07;China;200;66;7164087070.0;688966321.0;7846266113.1119995;989683375.974;0.9122677146459248;0.08773228535407522;35820435.35;10438883.651515152;39231330.56556;14995202.666272728
2022;07;USA;137;96;929899101.0;10979999052.0;1144349294.143;10085148438.789999;0.07807783820265218;0.9219221617973479;6787584.678832117;114374990.125;8352914.5557883205;105053629.57072915
2023;07;Canada;75;71;3062526284.6100006;935401367.419;4639667211.4869995;1011579359.7900001;0.7660284405236119;0.23397155947638812;40833683.794800006;13174667.146746479;61862229.48649333;14247596.616760565
2023;07;China;202;68;6269347649.0;606040687.0;8150976212.86;1005254370.607;0.9118536063153364;0.08814639368466358;31036374.5;8912363.044117646;40351367.390396036;14783152.50892647
2023;07;Germany;144;74;3030357976.5779996;2411920518.848;3375041870.274;2735425856.764;0.5568178804382916;0.44318211956170844;21044152.615124997;32593520.524972975;23437790.76579167;36965214.280594595
2023;07;USA;136;90;768416760.0;6568107933.0;1012966788.292;7782060987.886;0.10473852295940198;0.895261477040598;5650123.235294118;72978977.03333333;7448285.208029412;86467344.30984443
