period;cmd;country;nb_edge_exp;nb_edge_imp;primary_value_exp;primary_value_imp;primary_value_deflated_exp;primary_value_deflated_imp;net_wgt_exp;net_wgt_imp
1996;12;Austria;27;36;68325193.0;292465069.0;0.0;0.0;445590705.0;3402473429.0
1996;12;Belgium-Luxembourg (...1998);38;39;92870792.0;155446328.0;0.0;0.0;635693423.0;1698131138.0
1996;12;Canada;42;25;109455103.0;279489022.0;0.0;0.0;258596250.0;986471375.0
1996;12;Chile;23;5;115488824.0;123156.0;236657426.22950822;129911.39240506328;1157420835.0;169299.0
1996;12;China;16;50;27663063.0;451998754.0;29119013.684210524;609162741.2398921;45586200.0;2333097863.0
1996;12;China, Hong Kong SAR;11;42;99499998.0;149922309.0;88053095.57522124;135186933.2732191;247626296.0;562517975.0
1996;12;Czechia;27;22;133234623.0;13504999.0;0.0;0.0;1674716976.0;120297375.0
1996;12;Finland;34;23;63507113.0;311360657.0;0.0;0.0;442888111.0;6021007508.0
1996;12;France;48;58;271438685.0;266443950.0;0.0;0.0;1503110083.0;1156840595.0
1996;12;Gabon;29;3;65733701.0;0.0;82683900.62893082;0.0;417797464.0;0.0
1996;12;Germany;58;63;213264563.0;204300038.0;0.0;0.0;2359584773.0;1003385553.0
1996;12;India;14;47;1678422.0;244433287.0;2676909.090909091;394884147.0113086;5841750.0;645572624.0
1996;12;Italy;33;65;3663721.0;611089206.0;0.0;0.0;5349061.0;3836636617.0
1996;12;Japan;14;59;2897019.0;4418502709.0;0.0;0.0;6316647.0;15177180379.0
1996;12;Malaysia;29;21;347318525.0;22063204.0;269448041.11714506;20677791.940018743;2164946588.0;335424213.0
1996;12;New Zealand;15;10;448879731.0;738496.0;0.0;0.0;3856909035.0;1114224.0
1996;12;Norway;15;23;21534549.0;159595417.0;0.0;0.0;279243187.0;1913712871.0
1996;12;Philippines;7;23;0.0;113442869.0;0.0;100480840.56687334;0.0;680728128.0
1996;12;Portugal;12;32;33505088.0;162843846.0;0.0;0.0;432758809.0;822989516.0
1996;12;Rep. of Korea;7;33;146689.0;952150530.0;80245.62363238512;1111027456.242707;115765.0;7153056337.0
1996;12;Russian Federation;51;13;943867704.0;9410018.0;0.0;0.0;12856483469.0;367542447.0
1996;12;Spain;19;40;11700490.0;211649374.0;0.0;0.0;134504803.0;1468467356.0
1996;12;Sweden;46;31;102533341.0;265871202.0;0.0;0.0;1118535070.0;4468838695.0
1996;12;Switzerland;26;29;95477050.0;37317878.0;0.0;0.0;710588975.0;209597272.0
1996;12;Türkiye;17;40;465858.0;124041186.0;582322.5;182413508.8235294;1695104.0;683582310.0
1996;12;USA;91;58;2219071099.0;94030566.0;2290063053.663571;100460006.41025642;10224344872.0;710323813.0
1996;12;United Kingdom;41;52;17431753.0;118421348.0;0.0;0.0;27182565.0;532537201.0
1997;12;Austria;29;42;73496220.0;319339801.0;0.0;0.0;575359216.0;4009004249.0
1997;12;Belgium-Luxembourg (...1998);38;43;100750367.0;158813598.0;0.0;0.0;707506056.0;1941601849.0
1997;12;Cameroon;39;3;77836043.0;0.0;148542066.79389313;0.0;501702735.0;0.0
1997;12;Canada;43;26;100873567.0;340402469.0;0.0;0.0;231315000.0;1400598750.0
1997;12;Chile;18;5;119746842.0;4442.0;251568995.7983193;4812.567713976165;1663076620.0;4554.0
1997;12;China;21;55;27347588.0;668218308.0;28516775.80813347;928080983.3333333;45296686.0;3262898459.0
1997;12;China, Hong Kong SAR;12;47;157568129.0;222020476.0;141953269.36936936;205765037.9981464;427040250.0;755905447.0
1997;12;Estonia;26;10;96969360.0;4029486.0;0.0;0.0;1830976231.0;70277790.0
1997;12;Finland;38;20;60244703.0;292441715.0;0.0;0.0;495454783.0;6320931767.0
1997;12;France;47;55;248153863.0;261803225.0;0.0;0.0;1783778477.0;1340936330.0
1997;12;Gabon;35;0;334534999.0;0.0;474517729.0780142;0.0;1810032890.0;0.0
1997;12;Germany;56;72;255745877.0;237550359.0;0.0;0.0;3291194167.0;1284060000.0
1997;12;India;13;62;603515.0;373718298.0;846444.6002805049;609654646.0032626;1791000.0;981355580.0
1997;12;Italy;39;70;4455600.0;569741205.0;0.0;0.0;5384877.0;4363097411.0
1997;12;Japan;13;59;1032584.0;3712681658.0;0.0;0.0;3669062.0;14497313481.0
1997;12;Latvia;19;9;64422489.0;4017077.0;0.0;0.0;1773679368.0;31102097.0
1997;12;Malaysia;33;23;707094933.0;31553363.0;599232994.0677966;32066425.81300813;4025156690.0;348142855.0
1997;12;New Zealand;19;11;409888043.0;460729.0;0.0;0.0;3828813017.0;821488.0
1997;12;Norway;12;24;23129854.0;159968108.0;0.0;0.0;370625487.0;2206763867.0
1997;12;Philippines;3;21;0.0;101836421.0;0.0;88553409.56521739;0.0;576721010.0
1997;12;Portugal;11;31;33047017.0;184220203.0;0.0;0.0;550920349.0;1318794007.0
1997;12;Rep. of Korea;5;41;23353.0;869833661.0;14076.55213984328;1081882662.9353232;66026.0;7334551665.0
1997;12;Russian Federation;58;19;1025092191.0;6885603.0;0.0;0.0;14632969733.0;226853959.0
1997;12;Spain;28;55;20378812.0;208028058.0;0.0;0.0;333622755.0;1603777713.0
1997;12;Sweden;37;26;73692370.0;354554943.0;0.0;0.0;937788093.0;6717557435.0
1997;12;Switzerland;21;38;93741124.0;34996548.0;0.0;0.0;814990211.0;203210292.0
1997;12;USA;92;56;1784488410.0;91692520.0;1973991603.9823008;105151972.47706422;9605286715.0;545700000.0
1997;12;United Kingdom;42;50;16364631.0;104591413.0;0.0;0.0;25746973.0;403642493.0
1998;12;Austria;25;34;70465570.0;340186500.0;0.0;0.0;584075700.0;4096208530.0
1998;12;Belgium-Luxembourg (...1998);41;44;103215367.0;141420118.0;0.0;0.0;712369948.0;1811576958.0
1998;12;Canada;40;24;169438409.0;357537969.0;0.0;0.0;223017756.0;1142318226.0
1998;12;China;13;68;11773410.0;596040355.0;12755590.465872156;863826601.4492754;22571562.0;3534058172.0
1998;12;China, Hong Kong SAR;12;54;219660412.0;236294557.0;205674543.07116103;229858518.48249027;559633125.0;677934896.0
1998;12;Czechia;21;23;131146890.0;35930341.0;0.0;0.0;1714423390.0;593936358.0
1998;12;Estonia;23;11;130096755.0;10932689.0;0.0;0.0;2461016730.0;198818930.0
1998;12;Finland;34;23;62961847.0;399522143.0;0.0;0.0;590062949.0;8548841647.0
1998;12;France;54;57;282226370.0;284899314.0;0.0;0.0;2022473412.0;1426513245.0
1998;12;Gabon;32;0;232710846.0;0.0;468231078.47082496;0.0;1371290419.0;0.0
1998;12;Germany;54;63;348674000.0;281887000.0;0.0;0.0;3958009802.0;1693971500.0
1998;12;India;15;52;596207.0;333508980.0;913027.5650842267;615330221.4022139;2266500.0;1172813852.0
1998;12;Italy;50;74;7511114.0;558252756.0;0.0;0.0;9574254.0;4146531340.0
1998;12;Japan;10;58;383957.0;2110923114.0;0.0;0.0;93000.0;10781501872.0
1998;12;Latvia;18;9;89456807.0;6758192.0;0.0;0.0;2320804171.0;70653258.0
1998;12;Malaysia;36;22;413157678.0;18880243.0;389404032.04524034;20522003.260869566;3460003353.0;287406020.0
1998;12;New Zealand;24;13;215336308.0;213340.0;0.0;0.0;3808210215.0;460013.0
1998;12;Norway;11;23;21386444.0;180245633.0;0.0;0.0;362622626.0;2748019601.0
1998;12;Portugal;12;34;33650573.0;255734814.0;0.0;0.0;570891254.0;1682369163.0
1998;12;Rep. of Korea;7;30;97824.0;348466477.0;73996.97428139183;523222938.4384385;111058.0;3679849109.0
1998;12;Russian Federation;55;20;935908313.0;5570811.0;0.0;0.0;16683920753.0;148520740.0
1998;12;Spain;29;52;25824511.0;230141959.0;0.0;0.0;391551571.0;1815849618.0
1998;12;Sweden;47;33;73749134.0;430003271.0;0.0;0.0;1061087195.0;8305673336.0
1998;12;Switzerland;23;39;93528647.0;37822692.0;0.0;0.0;798225672.0;246460328.0
1998;12;Türkiye;21;36;686136.0;112969132.0;941201.646090535;189228026.80067003;1907338.0;689228247.0
1998;12;USA;102;53;1328398306.0;116287041.0;1523392552.7522936;139936270.75812274;8226643005.0;877466102.0
1998;12;United Kingdom;41;49;14674406.0;93770808.0;0.0;0.0;22851771.0;285932949.0
1999;12;Austria;24;39;83023782.0;464124185.0;0.0;0.0;742885669.0;5692766154.0
1999;12;Belgium;39;47;115376919.0;167361956.0;0.0;0.0;901910106.0;2311897157.0
1999;12;Canada;41;31;249308989.0;357405610.0;0.0;0.0;215054250.0;1304418750.0
1999;12;China;19;71;7039197.0;1242934994.0;7847488.294314381;1745695216.2921348;15153550.0;7339667805.0
1999;12;China, Hong Kong SAR;16;53;202922029.0;212744931.0;195493284.20038536;211056479.1666667;624049925.0;868742094.0
1999;12;Czechia;23;29;143962308.0;35978971.0;0.0;0.0;2019768973.0;681391938.0
1999;12;Estonia;29;12;144703168.0;15654235.0;0.0;0.0;2827010225.0;282163130.0
1999;12;Finland;35;20;61196057.0;391848919.0;0.0;0.0;621410298.0;9354810686.0
1999;12;France;56;61;276597640.0;281466319.0;0.0;0.0;2071258315.0;1475704180.0
1999;12;Gabon;38;0;253147572.0;0.0;514527585.36585367;0.0;1378165503.0;0.0
1999;12;Germany;65;74;385772498.0;315881865.0;0.0;0.0;3857187894.0;2204531674.0
1999;12;India;16;59;353422.0;422391580.0;574669.918699187;739740070.0525393;1642500.0;1429423046.0
1999;12;Italy;43;78;9108095.0;525770975.0;0.0;0.0;13403377.0;4039185462.0
1999;12;Japan;12;63;517868.0;2322455500.0;0.0;0.0;1351250.0;11690559647.0
1999;12;Latvia;25;15;89905005.0;6759486.0;0.0;0.0;2468993544.0;120137950.0
1999;12;Malaysia;35;27;620798504.0;48788413.0;608029876.5915769;54149182.01997781;4288214128.0;465758474.0
1999;12;New Zealand;21;10;282975805.0;525377.0;0.0;0.0;5338156344.0;1071223.0
1999;12;Norway;11;26;24119154.0;149798116.0;0.0;0.0;421611949.0;2359631706.0
1999;12;Portugal;8;41;32196941.0;176513361.0;0.0;0.0;558541380.0;1133095970.0
1999;12;Rep. of Korea;7;39;225071.0;518939931.0;173665.8950617284;779189085.5855856;576300.0;5659032040.0
1999;12;Russian Federation;62;9;1202573019.0;3898081.0;0.0;0.0;22948787995.0;106352031.0
1999;12;Spain;29;55;19457342.0;243048172.0;0.0;0.0;282768583.0;2144912295.0
1999;12;Switzerland;28;46;97444531.0;36863982.0;0.0;0.0;868956343.0;295386627.0
1999;12;Thailand;13;26;64037.0;93936495.0;79351.92069392813;129567579.31034483;60750.0;539101463.0
1999;12;Türkiye;19;35;479926.0;96548136.0;701646.1988304093;169979112.67605636;2547913.0;839980377.0
1999;12;USA;100;66;1339081058.0;161508809.0;1564347030.373832;198170317.791411;8349441353.0;1183269361.0
1999;12;Ukraine;41;7;71736860.0;4677268.0;0.0;0.0;854840428.0;67092895.0
2000;12;Austria;30;48;62844626.0;428938280.0;98194728.125;713707620.6322795;682101100.0;7270650100.0
2000;12;Belgium;37;60;92222448.0;154808016.0;154476462.31155777;256729711.44278607;0.0;0.0
2000;12;Canada;40;22;325303792.0;388096989.0;439599718.9189189;488787139.7984886;3653636.0;7024632.0
2000;12;China;24;76;7731378.0;1653957489.0;8706506.756756756;2253348077.6566753;0.0;0.0
2000;12;China, Hong Kong SAR;14;57;184889826.0;190155276.0;179853916.34241244;188646107.14285713;0.0;0.0
2000;12;Czechia;23;30;89093370.0;40614199.0;151005711.86440676;64262973.10126581;1533047615.0;884676304.0
2000;12;Denmark;42;39;68971852.0;47270786.0;115919078.99159662;75876060.9951846;754085762.0;512250276.0
2000;12;Estonia;21;13;133975381.0;14634866.0;217846147.96747968;24762886.632825717;3674295303.0;309333312.0
2000;12;Finland;34;18;42779953.0;350591086.0;63097275.81120945;567299491.9093851;463883354.0;9294101786.0
2000;12;France;67;66;366868543.0;266093919.0;609416184.385382;441283447.76119405;4131559200.0;1470073300.0
2000;12;Gabon;36;1;285064195.0;0.0;601401255.2742616;0.0;1696857405.0;0.0
2000;12;Germany;66;80;360337000.0;297999000.0;572872813.9904611;470029968.4542587;3935141100.0;2512230300.0
2000;12;India;21;64;1070801.0;461295209.0;1755411.475409836;775286065.5462185;0.0;0.0
2000;12;Italy;48;83;10358828.879;507061773.333;17829309.60240964;852204661.0638655;16781186.0;4652838902.0
2000;12;Japan;14;60;694573.0;2330412955.0;587128.4868977177;2953628586.8187575;0.0;0.0
2000;12;Latvia;21;18;93544573.44399999;5447557.331;162122310.9948007;8304203.248475611;3585629332.0;112617886.0
2000;12;Malaysia;32;30;579711153.0;62818321.0;584975936.4278506;68280783.69565217;0.0;0.0
2000;12;New Zealand;23;9;317582560.0;785694.0;533752201.6806723;1114459.574468085;5692517411.0;1467400.0
2000;12;Norway;15;26;20522909.911;145850780.191;31769210.388544895;214171483.39353892;407766189.0;2622063727.0
2000;12;Portugal;8;39;27575492.0;158546635.0;43221774.29467085;258640513.86623168;573969164.0;1129451467.0
2000;12;Rep. of Korea;5;43;310612.0;559270228.0;239669.75308641978;731072193.4640523;501487.0;5755745078.0
2000;12;Russian Federation;55;12;1336590939.0;5725793.0;2176858206.8403907;7573800.264550265;25404916673.0;154298542.0
2000;12;Spain;26;59;15821498.734;269640419.31;26325289.074875206;452416810.9228188;253000373.0;3042936492.27
2000;12;Sweden;43;33;61089082.0;485452327.0;91725348.34834835;757335923.5569423;958178000.0;10866906000.0
2000;12;Switzerland;41;39;160689563.19700003;29219827.12;235270224.30014643;43288632.77037037;2525382292.0;239730291.0
2000;12;Thailand;12;28;7182.0;125697222.0;9079.646017699117;164740788.9908257;0.0;13506646.0
2000;12;Türkiye;28;38;1020055.0;117543738.0;1566904.761904762;198889573.6040609;2004017.0;1076754372.0
2000;12;USA;103;71;1429673328.0;218672753.0;1771590245.3531597;270969954.15117717;0.0;0.0
2000;12;Ukraine;43;12;68265330.0;3996630.0;122779370.50359713;6186733.746130031;1011680663.0;75527063.0
2001;12;Austria;28;32;67260174.0;370295305.0;107102187.89808919;620260142.3785595;759093900.0;6569348900.0
2001;12;Belgium;37;52;67382515.0;126405997.0;114596113.94557823;213523643.5810811;0.0;0.0
2001;12;Canada;40;19;306510432.0;390241696.0;428685918.8811189;505494424.87046635;3868286.0;7542796.0
2001;12;China;23;73;5385540.0;1692854752.0;6226057.803468208;2309488065.484311;0.0;0.0
2001;12;China, Hong Kong SAR;13;64;137645123.0;131872341.0;137233422.73180458;135810855.8187436;0.0;0.0
2001;12;Czechia;23;31;95675172.0;34137809.0;158928857.14285713;54101123.61331221;1665329107.0;808620983.0
2001;12;Estonia;26;16;106720935.0;23363874.0;171853357.4879227;40006633.56164384;3046457421.0;510269553.0
2001;12;Finland;38;17;34920979.0;429507652.0;54057243.03405573;724296209.1062394;356483286.0;11043759853.0
2001;12;France;66;67;260287240.0;243834239.0;436723557.04697984;411187586.846543;3641515900.0;1421498300.0
2001;12;Gabon;39;1;252203449.0;0.0;597638504.7393364;0.0;1579091428.0;0.0
2001;12;Germany;61;69;342502000.0;286048000.0;548003200.0;454044444.4444444;4064547700.0;2705979300.0
2001;12;India;23;68;1082651.0;508925540.0;1882871.3043478262;886629860.6271777;0.0;0.0
2001;12;Italy;50;84;8108697.472999999;436215506.291;14028888.361591697;750801215.64716;12416065.0;4213826395.0
2001;12;Japan;10;60;413693.0;1873832420.0;382694.7271045329;2617084385.4748607;0.0;0.0
2001;12;Latvia;23;13;82821848.483;7841741.651000001;145556851.46397188;12252721.3296875;3397839485.0;179876210.0
2001;12;Malaysia;39;30;361415657.0;68521433.0;379638295.1680672;77425348.02259888;0.0;0.0
2001;12;New Zealand;24;10;292754039.0;748262.0;488737961.6026711;1130305.1359516617;6486583911.0;1634150.0
2001;12;Norway;14;27;15309011.511000002;120503750.05;25515019.185000006;182581439.46969697;366233543.0;2247692689.0
2001;12;Portugal;10;38;42580023.0;125829652.0;68019206.07028754;207639689.7689769;865634771.0;917028359.0
2001;12;Rep. of Korea;5;43;13817.0;535409467.0;12652.930402930404;771483381.8443804;44555.0;6083690314.0
2001;12;Russian Federation;60;18;1392984609.0;4053775.0;2385247618.150685;5412249.666221628;26642408021.0;130203564.0
2001;12;Spain;24;59;15571263.112000002;268754954.333;26391971.376271185;457844896.649063;267751706.0;3250919813.265
2001;12;Sweden;42;35;59938398.0;363514442.0;95140314.28571428;599858815.1815182;1146160161.0;8623146004.0
2001;12;Switzerland;33;41;129032546.268;19095443.476;186194150.45887446;28247697.449704144;2106291295.0;186846872.0
2001;12;Thailand;15;24;17456.0;98035079.0;23879.616963064298;127816269.8826597;0.0;7844111.0
2001;12;USA;101;70;1244242097.0;194330238.0;1553360920.0998752;249461152.75994864;0.0;0.0
2002;12;Austria;24;40;67539303.0;399150423.0;102643317.62917934;639664139.423077;697287200.0;6301409300.0
2002;12;Belgium;38;51;64742154.0;96044317.0;105615259.38009788;156423969.0553746;0.0;0.0
2002;12;Canada;52;41;398105886.0;376836656.0;591539206.5378901;493888146.78899086;0.0;0.0
2002;12;China;23;79;3109992.0;2136958289.0;3720086.124401914;2845483740.346205;0.0;0.0
2002;12;China, Hong Kong SAR;13;45;84527011.0;87131389.0;86605544.05737706;93288425.05353318;0.0;0.0
2002;12;Czechia;23;38;316559346.0;118848286.0;488517509.2592593;179529132.9305136;5144192590.0;2448207741.0
2002;12;Estonia;22;11;101585371.0;27513372.0;160482418.6413902;44956490.19607843;2818628236.0;568073268.0
2002;12;Finland;40;20;34597781.0;469468593.0;50954022.09131075;765854148.4502448;352050349.0;11674530470.0
2002;12;France;59;68;208364262.0;221926354.0;329690287.9746835;353385914.0127389;2716293700.0;1335035000.0
2002;12;Gabon;41;1;194690639.0;18890.0;454884670.5607477;27337.192474674383;1224353601.0;18000.0
2002;12;Germany;63;74;312727000.0;230449000.0;474547799.69650984;352908116.3859112;4176227300.0;2026115700.0
2002;12;India;24;74;2111421.0;373953934.0;3770394.6428571427;606084171.7990276;0.0;0.0
2002;12;Italy;49;85;7295133.4;417958958.893;11862005.528455285;688565006.413509;12312613.0;3939057683.0
2002;12;Japan;12;56;687597.0;1598638400.0;663063.6451301832;2337190643.2748537;0.0;0.0
2002;12;Latvia;21;14;97179097.63;13636216.084;158014792.89430892;20352561.319402985;3519181429.0;315728620.0
2002;12;Malaysia;42;32;421625833.0;53581501.0;455811711.3513514;62449301.86480187;0.0;0.0
2002;12;New Zealand;23;16;353008405.0;560847.0;598319330.5084746;821152.2693997072;7528930419.0;1235413.0
2002;12;Norway;14;28;18737441.053;115207645.49000001;31704637.991539765;166725970.31837916;446322370.0;2089604082.0
2002;12;Portugal;10;35;42836786.0;118211499.0;64806030.257186085;186748023.69668245;912391656.0;735018114.0
2002;12;Rep. of Korea;11;40;19076.0;597336872.0;18202.290076335878;888894154.7619047;68700.0;6547353793.0
2002;12;Russian Federation;63;19;1648161186.0;5183099.0;2932671149.466192;6994735.4925775975;30872645804.0;156446638.0
2002;12;Spain;21;53;12101982.533;222687207.016;19394202.77724359;361505206.1948052;137906858.0;2559522180.0
2002;12;Sweden;50;33;79412717.0;397645769.0;118349801.78837557;616505068.2170542;1507082350.0;8976169544.0
2002;12;Switzerland;28;35;97370361.957;20787321.075;132838147.28103685;29402151.449787837;1300227821.0;273101182.0
2002;12;USA;107;75;1201287756.0;225945557.0;1514864761.6645648;297296785.52631575;0.0;0.0
2002;12;Ukraine;41;9;64444400.0;4253310.0;118901107.0110701;7065299.003322259;1192793338.0;73045124.0
2003;12;Austria;33;42;72930074.0;470350348.0;93861099.09909908;631342748.9932886;614917357.0;6358906300.0
2003;12;Belgium;43;47;79487119.0;112654676.0;109335789.54607977;155385760.0;0.0;0.0
2003;12;Canada;48;35;397535326.0;377794748.0;533604464.4295302;475812025.18891686;0.0;0.0
2003;12;China;23;73;2791943.0;2442889293.0;3269254.0983606554;3210104195.7950068;0.0;0.0
2003;12;Czechia;21;42;174925407.0;41922647.0;225419338.9175258;53404645.85987262;2485837471.0;514117135.0
2003;12;Estonia;22;17;117826553.0;50457604.0;158582170.92866758;69789217.15076073;2717970126.0;822972817.0
2003;12;Finland;36;20;41839099.0;580111788.0;53916364.69072165;801259375.6906077;376401061.0;11935806648.0
2003;12;France;60;61;238174374.0;268120506.0;319697146.3087248;358449874.33155084;2730020200.0;1523485005.0
2003;12;Gabon;34;0;124318300.0;0.0;252679471.54471543;0.0;629895029.0;0.0
2003;12;Germany;66;73;307063000.0;243953000.0;393670512.82051283;317647135.4166667;3571447300.0;1894279200.0
2003;12;India;30;76;2893316.0;577698093.0;4570799.368088468;899841266.3551402;0.0;0.0
2003;12;Italy;48;75;5245397.926;471957606.676;7107585.2655826565;656408354.208623;8239067.0;3761225165.0
2003;12;Japan;11;56;1277078.0;1654374850.0;1187979.534883721;2253916689.3732967;0.0;0.0
2003;12;Latvia;20;16;116274004.86299999;22942216.565;164694057.8796034;29679452.21862872;3310813609.0;382319244.0
2003;12;Malaysia;38;30;469006359.0;28092216.0;492653738.4453781;32252831.228473023;4809362.0;405100.0
2003;12;New Zealand;23;16;350078562.0;824528.0;529619609.6822996;1087767.8100263854;7205685859.0;1804661.0
2003;12;Norway;11;21;14500344.724;136429672.46;21418529.87296898;174685880.23047376;325600700.0;2166587380.0
2003;12;Portugal;11;34;64324926.0;104882010.0;83322443.00518133;138916569.53642383;1199209912.0;394122068.0
2003;12;Rep. of Korea;8;42;52087.0;609901681.0;48407.99256505576;849445238.1615599;68313.0;6124376455.0
2003;12;Russian Federation;61;13;1800471440.0;5122319.0;2848847215.1898737;6635128.238341969;31433515153.0;138348060.0
2003;12;Spain;19;61;14398375.851;255047484.676;19300771.918230563;344658763.07567567;144647375.23;2430367324.25
2003;12;Sweden;43;37;87790857.0;450877900.0;111835486.62420382;592480814.7174771;1291438000.0;8363877000.0
2003;12;Switzerland;32;35;105517170.244;20738929.38;125020343.89099525;25322258.095238093;1140016845.004;267205639.0
2003;12;USA;105;73;1219619956.0;204019669.0;1515055845.9627328;260894717.3913043;0.0;0.0
2003;12;Ukraine;43;12;86839780.0;6475300.0;144492146.42262894;9679073.243647233;1548518224.0;96810565.0
2003;12;United Kingdom;40;65;19473362.0;125390572.0;25322967.49024707;159733212.7388535;69914313.0;509508261.0
2003;12;Viet Nam;16;42;2008915.0;114264556.0;4058414.141414141;177154350.3875969;0.0;0.0
2004;12;Austria;31;39;86646487.0;556522773.0;100285285.87962964;664108321.0023866;678016314.0;7092731700.0
2004;12;Belgium;42;47;94748064.0;141196179.0;116541284.13284133;172190462.19512194;0.0;0.0
2004;12;Canada;53;32;393780276.0;410344926.0;475006364.2943305;491431049.10179645;0.0;0.0
2004;12;China;28;71;1815113.0;2802320628.0;1947546.1373390555;3300731010.6007066;0.0;0.0
2004;12;Czechia;19;38;167271141.0;49250948.0;188793612.86681715;56480444.95412844;2297101299.0;498438694.0
2004;12;Estonia;17;18;109644695.44000001;88203566.88;134368499.3137255;109162830.2970297;2110137719.0;1238550082.58
2004;12;Finland;34;20;48391789.0;675159104.0;56664858.31381732;811489307.6923077;474576764.0;12015746216.0
2004;12;France;58;64;259896891.0;279745787.0;312376070.9134615;333030698.8095238;2602016900.0;1455229200.0
2004;12;Gabon;39;0;214556962.312;0.0;346618679.0177706;0.0;1002020430.0;0.0
2004;12;Germany;70;72;362340000.0;234033000.0;422307692.30769235;272765734.2657343;4047217600.0;1484973800.0
2004;12;India;30;85;1627544.0;801125941.0;2292315.4929577466;1059690398.1481483;0.0;0.0
2004;12;Italy;46;73;7197887.665;521024378.594;8672153.813253012;636949118.0855746;13148793.0;3912338370.0
2004;12;Japan;14;55;1250547.0;1958554767.0;1098898.9455184534;2391397761.904762;0.0;0.0
2004;12;Latvia;23;13;174590320.387;46905471.592999995;211368426.61864406;53180806.79478457;3549798104.0;656395480.0
2004;12;Malaysia;47;29;489480449.0;30823015.0;488503442.11576843;33503277.173913043;0.0;0.0
2004;12;New Zealand;22;15;289953934.0;642148.0;380018262.1231979;779305.8252427183;4897705452.0;1278914.0
2004;12;Norway;19;21;14774003.209999999;168467806.62;17973239.914841846;197269094.40281028;287341078.0;2332860802.0
2004;12;Rep. of Korea;10;37;265237.0;703777797.0;223263.46801346805;856177368.6131386;647496.0;5591433132.0
2004;12;Russian Federation;53;17;2332315723.0;4254107.0;3021134356.2176166;5144022.974607013;34610916299.0;95006378.0
2004;12;Spain;30;60;14212658.270000001;260437243.523;16919831.273809522;308940976.8956109;123335137.0;2376555431.15
2004;12;Sweden;34;40;112818518.0;537440150.0;129825682.3935558;631539541.7156287;1483600000.0;8804168000.0
2004;12;Switzerland;33;37;123907705.70899999;21810125.535;132238746.75453576;23940862.277716797;1341690814.0;191955682.0
2004;12;Türkiye;23;46;166596.0;169210009.0;203662.59168704157;225312928.0958722;866034.0;1458797854.0
2004;12;USA;104;70;1447169156.0;217769919.0;1731063583.7320576;263643969.73365623;0.0;0.0
2004;12;Ukraine;47;10;128964450.0;8126310.0;178374066.3900415;10734887.714663142;2135552187.0;117721230.0
2004;12;United Kingdom;34;62;36716759.0;124244285.0;42793425.40792541;141669652.22348917;230651793.0;446936862.0
2004;12;Viet Nam;14;51;9603540.0;179177422.0;17303675.675675675;253433411.5983027;0.0;0.0
2005;12;Austria;31;38;79439613.0;598757953.0;88958133.2586786;678095077.0101926;678042700.0;7248925500.0
2005;12;Belgium;57;47;98418260.0;151139986.0;114974602.80373833;171945376.56427756;0.0;0.0
2005;12;Canada;60;28;506730021.0;424001141.0;549598721.2581345;477478762.3873874;0.0;0.0
2005;12;China;33;84;1886675.0;3241484810.0;1971447.2309299894;3621770737.4301677;0.0;0.0
2005;12;Czechia;25;43;176958410.0;71825240.0;192555397.17083788;78755745.61403508;2066370301.0;795343796.0
2005;12;Estonia;20;21;95750844.65;105729597.24;114261151.13365155;124095771.4084507;1579275293.9;1565813015.9
2005;12;Finland;40;22;64258384.0;804379059.0;70304577.68052515;903796695.505618;607787569.0;13771421152.0
2005;12;France;58;63;260403724.0;283915714.0;304209957.94392526;319365257.59280086;2633628100.0;1561160900.0
2005;12;Gabon;40;2;297756472.0;2735.0;354894483.90941596;3364.083640836409;1241030888.0;163.0
2005;12;Germany;72;72;503628000.0;310015000.0;571654937.5709422;341802646.0859978;5842447700.0;2349779400.0
2005;12;India;36;76;2188863.0;837852434.0;2887682.0580474935;993893753.262159;0.0;0.0
2005;12;Italy;53;71;6854909.539;480088754.144;7906470.056516724;551826154.1885058;11688838.0;3629622170.0
2005;12;Japan;14;57;3010048.0;1697992665.0;2645033.3919156413;1867978729.372937;20919164.0;8964109745.0
2005;12;Latvia;19;15;180148506.268;65458526.257999994;210946728.65105388;69710890.58359957;3415372353.0;917580510.0
2005;12;Malaysia;48;27;569473574.0;24942753.0;537239220.754717;25928017.67151767;0.0;0.0
2005;12;New Zealand;25;14;304191032.0;1947184.0;370512828.2582217;2220278.221208666;5092831319.0;2654848.0
2005;12;Norway;16;23;28588916.415000003;199901404.188;27384019.554597702;223603360.38926172;428887509.0;2597482341.0
2005;12;Portugal;16;29;91061666.0;102416616.0;104070475.42857143;114945696.96969697;1521706776.0;328639567.0
2005;12;Rep. of Korea;8;40;166386.0;706904160.0;134074.1337630943;747255983.0866808;178991.0;5315771365.0
2005;12;Russian Federation;59;15;2853222428.0;2308867.0;2932397151.079137;2666128.1755196303;39877011385.0;46325259.0
2005;12;Slovakia;24;18;164089220.0;8762676.0;175308995.72649574;9725500.554938957;1159184738.0;230284577.0
2005;12;Spain;24;58;13965391.834;250218271.02400002;15905913.250569478;278020301.13777775;150856499.7;2719036409.1000004
2005;12;Sweden;39;33;171631465.0;521023575.0;190489972.25305218;578272558.2685906;2643056000.0;8232429000.0
2005;12;Switzerland;27;40;116419079.735;18595834.534;122160629.31269675;19411100.766179543;1276141237.0;185494775.0
2005;12;Türkiye;28;43;223403.0;203421861.0;257673.58708189157;253012264.9253731;905068.0;1573066313.0
2005;12;USA;108;64;1466516223.0;311356203.0;1699323549.2468135;350626354.7297297;0.0;0.0
2005;12;Ukraine;46;10;136152213.0;10128376.0;166648975.52019584;11418687.711386697;1953558546.0;150120299.0
2005;12;Viet Nam;12;55;2888662.0;187174415.0;4570667.721518988;245635715.22309712;0.0;0.0
2006;12;Austria;39;44;77392728.0;708238234.0;82772971.12299465;762366236.8137782;582751680.0;7591969300.0
2006;12;Belgium;53;42;84097234.0;168470720.0;95025123.1638418;183319608.2698585;0.0;0.0
2006;12;Canada;52;31;486795739.0;412301788.0;493207435.6636272;443335255.9139785;0.0;0.0
2006;12;China;37;80;1265626.0;3925343667.0;1303425.334706488;4084644814.7762747;0.0;0.0
2006;12;Czechia;23;40;211411718.0;69519461.0;221605574.42348006;72643114.94252874;2169846763.0;594649366.0
2006;12;Finland;30;26;66560913.0;752441054.0;68761273.76033057;772526749.4866529;598887587.0;12755174113.0
2006;12;France;63;64;286200062.0;304900988.0;320134297.5391499;327146982.832618;0.0;0.0
2006;12;Gabon;39;1;299952495.0;0.0;291499023.32361513;0.0;1375994043.0;0.0
2006;12;Germany;73;71;611990000.0;375695000.0;669573304.1575493;394637605.0420168;6327041000.0;2922853200.0
2006;12;India;38;70;4331553.0;804635464.0;5482978.481012658;878422995.6331878;0.0;0.0
2006;12;Italy;59;82;8397826.56;522286277.675;9341297.619577307;561598148.0376344;15051653.0;3872190819.0
2006;12;Japan;14;54;3465961.0;1835352112.0;3119676.8676867685;1867092687.6907427;0.0;0.0
2006;12;Latvia;19;21;148902252.579;71822096.98;157735437.0540254;72401307.43951613;1408973241.1139998;1029505847.017
2006;12;Malaysia;41;32;540137349.0;36198035.0;499664522.6641998;35663088.66995074;0.0;0.0
2006;12;New Zealand;31;10;349783753.0;1785213.0;415420134.20427555;1940448.9130434783;5408669803.0;2021923.0
2006;12;Norway;18;18;42635480.035;151072706.582;36691463.02495697;158191315.79267013;585769030.0;1881377388.0
2006;12;Portugal;20;32;122267110.0;105371612.0;133917973.71303396;111859460.72186837;1969476758.0;379713924.0
2006;12;Rep. of Korea;8;42;233988.0;753690521.0;191479.5417348609;736025899.4140625;299256.0;5433396525.0
2006;12;Russian Federation;61;14;3255690275.0;1883306.0;2935699075.7439137;2104252.5139664807;41813367006.0;34313689.0
2006;12;Spain;34;57;15761735.52;255515409.04000002;17301575.762897916;266717545.97077245;114812714.087;246237340.414
2006;12;Sweden;38;33;171896850.0;403825576.0;182094120.76271185;423741422.8751312;2611460000.0;6285622000.0
2006;12;Switzerland;38;39;146282047.097;28266800.785000004;150032868.8174359;28466063.227593154;1555618542.0;311904977.0
2006;12;Türkiye;27;44;410441.0;222180326.0;457570.79152731324;246319651.88470063;901194.0;1606561706.0
2006;12;USA;110;64;1464865125.0;317922854.0;1640386478.1634939;341485342.64232004;0.0;0.0
2006;12;Ukraine;45;13;141221269.0;10786606.0;158142518.47704366;11499579.957356077;1784625435.0;157064378.0
2006;12;United Kingdom;36;58;45044373.0;144763965.0;48072970.117395945;154662355.76923078;679656648.0;439909717.0
2006;12;Viet Nam;11;59;23295563.0;187235952.0;34308634.75699557;236707903.91908976;0.0;0.0
2007;12;Austria;40;41;107314866.0;796059199.0;109393339.44954129;816470973.3333334;705544900.0;7257577100.0
2007;12;Belarus;24;2;123212800.0;4116500.0;127549482.40165633;3950575.8157389634;1522174428.0;43398568.0
2007;12;Belgium;46;55;112080571.0;274935062.0;119107939.42614241;281119695.2965235;737895486.0;92024982.0
2007;12;Canada;62;26;398459905.0;350456803.0;375551277.09707826;358707065.5066531;3586453662.0;73834650.0
2007;12;China;43;92;1188316.0;5347029445.0;1189505.5055055055;5273204580.86785;1850702.0;1566477268.0
2007;12;Congo;39;1;130799413.0;0.0;113837609.2254134;0.0;620350383.0;0.0
2007;12;Czechia;20;40;254309556.0;77203375.0;255587493.46733668;76438985.14851485;2272851412.0;547131107.0
2007;12;Estonia;21;16;130280541.8;131695961.78999999;133895726.4131552;136755931.2461059;1328780207.0;1164722749.65
2007;12;Finland;38;21;84608225.0;1046254067.0;82143907.76699029;999287552.0534861;523220378.0;11437558623.0
2007;12;France;60;59;370132841.0;417988829.0;390847772.967265;423923761.66328603;1808084371.0;290807158.0
2007;12;Gabon;39;0;393332506.0;0.0;346548463.4361234;0.0;1517310245.0;0.0
2007;12;Germany;70;78;701437000.0;467117000.0;732954022.9885057;465255976.0956175;5611057996.0;3034924700.0
2007;12;India;34;73;2148263.0;1102656731.0;2551381.235154394;1098263676.2948205;2147825.0;714866591.0
2007;12;Italy;53;74;10251538.616;577484058.534;10836721.581395349;580385988.4763819;18198262.612;3646818622.0
2007;12;Japan;18;52;3212629.0;1760940211.0;2863305.7040998214;1688341525.4074786;26291370.0;256486781.0
2007;12;Latvia;18;19;324721057.32;157540465.71199998;312231785.88461536;149186047.0757576;2673055066.974;1491753974.587
2007;12;Lithuania;22;12;149694824.0;28020817.0;155124169.94818652;27633941.814595662;1194587171.0;259822042.0
2007;12;Malaysia;47;32;547305350.0;22875547.0;483912776.30415565;21459237.335834898;801203021.0;9835343.0
2007;12;New Zealand;27;14;435694812.0;1213912.0;455747711.29707116;1245037.9487179487;5883001654.0;1727423.0
2007;12;Norway;16;21;64103739.323;212619588.893;51038009.01512739;208655141.21000978;792095888.0;1992158677.0
2007;12;Portugal;17;33;154101228.0;155960277.0;160689497.39311782;155338921.31474102;2046704223.0;791924058.0
2007;12;Rep. of Korea;13;39;209985.0;908465803.0;170858.42148087875;825878002.7272727;219407.0;5670879909.0
2007;12;Russian Federation;63;15;4134428606.0;2016851.0;3353145665.8556366;2154755.341880342;40525546821.0;21085764.0
2007;12;Spain;35;56;34818597.54;304291071.792;36156383.73831776;298910679.55992144;250084777.928;524858937.131
2007;12;Sweden;38;36;317559845.0;682652728.0;320120811.49193543;677907376.3654419;3602369000.0;6953120788.0
2007;12;Switzerland;25;35;142418182.004;26979651.348;141287878.9722222;25917052.2074928;1235954029.199;220403389.0
2007;12;Türkiye;25;42;1217817.0;248236899.0;1292799.363057325;254341085.04098362;2655083.0;1469565764.0
2007;12;USA;116;62;1671711677.0;223271586.0;1784110647.8121665;230176892.78350514;9798377544.0;5716679.0
2007;12;Ukraine;41;11;164921999.0;12896287.0;162005892.92730844;12922131.26252505;2035351445.0;129553987.0
2007;12;United Kingdom;38;56;58218698.0;216963979.0;59346277.26809379;220940915.47861508;731978513.0;515305282.0
2007;12;Viet Nam;22;54;47808528.0;258927061.0;65761386.51994498;311210409.8557692;60147661.0;96804142.0
2008;12;Austria;40;35;115477052.0;736981395.0;109978144.76190476;689411969.130028;764397101.0;6447875900.0
2008;12;Belgium;62;52;182961233.0;247860077.0;177977853.11284047;230782194.59962755;698175929.0;1192968233.0
2008;12;Cameroon;31;4;141926273.0;0.0;105836146.90529457;0.0;213897804.0;0.0
2008;12;Canada;57;20;297763890.0;302564781.0;248550826.3772955;285438472.6415095;2510478116.0;1283598951.0
2008;12;China;45;98;985833.0;5173780953.0;942478.9674952199;4656868544.554456;544826.0;19170136023.0
2008;12;Congo;42;3;139392630.0;0.0;96867706.74079221;0.0;597265640.0;0.0
2008;12;Czechia;27;37;238373654.0;71931811.0;224880805.66037735;65631214.4160584;2266934055.0;537489300.0
2008;12;Estonia;21;16;139274738.48;62340969.169999994;130285068.73713751;58426400.346766636;1289304604.7;449229519.3
2008;12;Finland;38;32;99695929.0;1294051340.0;91632287.68382353;1130175842.7947598;574761296.0;11905552138.0
2008;12;France;58;66;345905905.0;372076877.0;336811981.49951315;341982423.7132353;1498263573.0;1228158720.0
2008;12;Gabon;37;0;363932294.0;0.0;267008286.13352898;0.0;1285480885.0;0.0
2008;12;Germany;75;79;659178627.317;402253158.558;644988872.130137;365684689.59818184;4935166236.0;2528195518.0
2008;12;India;46;74;2976451.0;1266772099.0;3097243.4963579606;1064514368.907563;1007718.0;813728028.0
2008;12;Italy;60;76;11719806.815;496054897.723;11490006.68137255;451780416.86976326;18813182.0;3082497329.0
2008;12;Japan;17;54;6402119.0;1379113976.0;5330656.95253955;1068252498.8381101;49159049.0;8345623051.0
2008;12;Latvia;19;18;258588430.896;58149652.246;219888121.5102041;49404972.171622775;2729367355.0;459865259.0
2008;12;Malaysia;49;27;544193928.0;30775046.0;442074677.49796915;26576032.81519862;262591971.0;90092045.0
2008;12;New Zealand;29;15;497652846.0;1517783.0;483627644.3148688;1398878.3410138248;6327877779.0;2038641.0
2008;12;Norway;18;22;65940073.47500001;170163063.81800002;43126274.34597776;159777524.71173707;835277696.0;1235769024.0
2008;12;Portugal;17;32;207620780.0;157947566.0;202952864.1251222;142039178.05755395;2199131582.0;1040371760.0
2008;12;Rep. of Korea;13;38;556802.0;836942889.0;436023.4925606891;652841567.0826834;952209.0;4853138796.0
2008;12;Russian Federation;53;9;3489988075.0;1503708.0;2241482385.998716;1505213.213213213;28520439990.0;15200540.0
2008;12;Slovakia;25;24;142141040.0;37508825.0;130046697.16376945;34317314.73010064;1220838471.0;504662345.0
2008;12;Spain;33;50;102068033.65799999;281228136.285;97953967.0422265;250202968.22508898;857041252.6999999;2261850940.118
2008;12;Sweden;42;39;221062776.0;653444505.0;208157039.5480226;596208489.9635037;2104551896.0;6587439000.0
2008;12;Switzerland;33;31;135071718.78800002;34845305.301;122680943.49500455;30782071.820671376;1040633381.0;306271769.0
2008;12;Türkiye;30;37;608681.0;201326690.0;594996.0899315738;183859990.8675799;1284215.0;987043945.0
2008;12;USA;128;53;1641765589.0;118631317.0;1651675642.8571427;109640773.56746764;9226823563.0;650202422.0
2008;12;Ukraine;40;12;156993960.0;16640800.0;125897321.57177225;14470260.869565215;1627055267.0;118638156.0
2008;12;United Kingdom;41;54;50856897.0;174026869.0;47663446.11059044;163712952.96331137;567678398.0;379113542.0
2008;12;Viet Nam;15;63;17557621.0;337021452.0;19336587.00440529;342849900.3051882;7878944.0;99599888.0
2009;12;Australia;33;21;85229442.0;732372.0;76991365.85365853;727281.0327706058;1241803412.0;444203.0
2009;12;Austria;34;41;82429830.0;668474183.0;83262454.54545455;680034774.1607325;584550914.0;6674278700.0
2009;12;Belgium;49;46;91153503.0;193745794.0;97699360.12861736;202662964.43514645;488866909.0;70163624.0
2009;12;Cameroon;32;3;96195149.0;9122.0;90579236.346516;9251.521298174443;362855143.0;102000.0
2009;12;Canada;43;19;247775468.0;299041349.0;247034364.90528417;304212969.4811801;1938902712.0;37765439.0
2009;12;China;40;89;2721769.0;4083282292.0;2708227.8606965174;4026905613.4122286;356798.0;813680246.0
2009;12;Congo;39;0;113822614.0;0.0;115088588.47320524;0.0;429656218.0;0.0
2009;12;Czechia;22;37;253506348.0;112047885.0;250748118.694362;110938500.0;2552490995.0;1180421490.0
2009;12;Finland;31;20;69414401.0;259958962.0;69137849.60159363;258408510.93439364;435796471.0;3323047205.0
2009;12;France;56;61;296327743.0;193048142.0;306440271.9751809;196586702.64765784;1508268692.0;119812601.0
2009;12;Gabon;35;0;375824121.0;0.0;386650330.24691355;0.0;1322321343.0;0.0
2009;12;Germany;68;76;373539764.227;350740753.508;381942499.20961154;350740753.508;3239238000.024;3394840732.362
2009;12;India;43;74;1757662.0;1131449071.0;2046172.293364377;1166442341.2371135;1210270.0;590889543.0
2009;12;Italy;52;69;7930053.9860000005;322368095.691;8200676.304033091;326614078.71428573;15274821.0;2372936495.0
2009;12;Japan;12;48;5063046.0;816553368.0;4265413.647851727;767437375.9398495;36279044.0;100916214.0
2009;12;Latvia;20;15;136174356.163;5519943.216;135227761.8301887;5492480.811940298;2120747408.0;101541254.0
2009;12;Malaysia;42;27;520395644.0;11064730.0;492332681.17313147;10588258.373205742;138357720.0;9102634.0
2009;12;New Zealand;23;13;588731210.0;1283083.0;669012738.6363636;1317333.6755646816;8563048409.0;1596280.0
2009;12;Poland;26;34;79342147.0;93966894.0;79982003.02419354;94820276.48839556;732313700.0;1489654460.0
2009;12;Rep. of Korea;5;40;90330.0;621259242.0;82871.55963302751;592239506.1963775;98975.0;4268715522.0
2009;12;Russian Federation;42;11;1831333619.0;132222.0;1745789913.2507148;136875.77639751555;15860813166.0;1164008.0
2009;12;Slovakia;23;21;205223373.0;22196073.0;199633631.3229572;22129683.948155534;2245473949.0;427914690.0
2009;12;Spain;28;42;57137809.069;122887085.888;58723339.22816033;123256856.4573721;628331343.5109999;1327723966.792
2009;12;Sweden;41;26;93362059.0;300610966.0;93642987.96389169;302425519.1146881;1055117000.0;4581373000.0
2009;12;Switzerland;24;31;94159136.229;29827129.1;88163985.23314609;28298983.9658444;793179610.0;270337711.0
2009;12;Türkiye;27;34;606404.0;110035197.0;627098.2419855222;113321521.11225541;1731244.0;743393676.0
2009;12;USA;124;55;1334284756.0;67870812.0;1407473371.308017;70920388.71473354;7616817851.0;2849656.0
2009;12;Ukraine;42;6;117599183.0;1346708.0;110733693.97363465;1358938.4460141275;1470050005.0;10878470.0
2009;12;United Kingdom;31;52;17383484.0;113294823.0;18070149.688149687;116678499.48506695;130788584.0;279970837.0
2009;12;Viet Nam;13;57;10922472.0;239475945.0;13653090.0;275576461.44994247;537864.0;29240668.0
2010;12;Australia;29;13;137877062.0;458157.0;101904702.14338507;408339.5721925134;1537124243.0;353594.0
2010;12;Austria;42;40;106181237.0;738163447.0;103389714.7030185;709772545.1923077;747427531.0;6804462719.0
2010;12;Belgium;54;44;84364253.332;208085396.028;85736029.8089431;204808460.65748033;647699357.0;1709496031.2680001
2010;12;Cameroon;39;3;143988926.0;8879.0;115007129.39297125;8123.513266239708;524866819.0;34200.0
2010;12;Canada;51;23;394997792.0;307503763.0;354576114.90125674;297105085.0241546;3915882035.0;72432677.0
2010;12;China;52;94;7818915.0;6069476792.0;7620774.85380117;5287000689.895471;19283466.0;30833396432.0
2010;12;Czechia;19;42;322605839.0;148188101.0;310496476.4196343;140196878.9025544;2726472049.0;1355275081.0
2010;12;Estonia;23;17;141459886.0;28474506.0;137875132.55360624;27458540.0192864;2024193339.0;238518066.0
2010;12;Finland;28;18;56847858.0;439593830.0;53529056.49717514;392845245.7551385;384424996.0;5738349886.0
2010;12;France;69;59;391281674.0;199759912.0;388176263.8888889;192818447.8764479;2619299665.0;121371440.0
2010;12;Gabon;27;0;150535948.289;0.0;124512777.74110834;0.0;475713742.006;0.0
2010;12;Germany;64;70;381844421.946;616870840.967;376944148.02171767;582503154.8319169;3097513009.721;5667717761.0
2010;12;India;41;89;1615757.0;1330158262.0;1695442.812172088;1204853498.1884058;1191066.0;720515971.0
2010;12;Italy;56;65;12660001.0;361187062.0;12559524.801587302;340100811.67608285;26656400.0;2527971499.0
2010;12;Japan;12;49;5076092.0;1004896713.0;4110195.951417004;827756765.2388797;43354193.0;126444970.0
2010;12;Latvia;21;11;256634083.0;25439391.0;237844377.20111215;23317498.625114575;3620294671.0;357471834.0
2010;12;Malaysia;45;25;594400679.0;16163922.0;527886926.2877443;14444970.509383377;250378504.0;13586297.0
2010;12;Myanmar;21;0;544057483.5500001;0.0;590724737.8393052;0.0;888461963.0;0.0
2010;12;New Zealand;31;13;954835584.059;1807155.217;965455595.6107178;1756224.7006802722;9455263777.605999;2839852.34
2010;12;Poland;35;33;141688119.0;123119675.0;137161780.25169408;117368612.96472831;1222139222.0;1929518427.0
2010;12;Portugal;14;32;99140891.0;160379493.0;98256581.76412289;150874405.45625588;1182849963.0;1406095150.0
2010;12;Rep. of Korea;8;39;168193.0;722379134.0;143754.70085470084;594061787.8289474;176787.0;3605499139.0
2010;12;Russian Federation;42;7;1844828872.0;70438.0;1474683350.9192646;69878.96825396825;15527915585.0;712988.0
2010;12;Slovakia;24;19;237930631.189;22036021.575;225740636.80170774;20887224.24170616;878091023.275;462674012.0
2010;12;Sweden;42;29;112612388.0;451102969.0;107352133.4604385;428397881.29154795;1151524264.0;6156605911.0
2010;12;USA;117;46;1836760221.0;72323384.0;1847847304.8289738;70697345.06353861;13057044041.0;3848118.0
2010;12;Ukraine;49;6;181484231.0;2046090.0;154982263.8770282;1899805.0139275766;2343567393.0;18053373.0
2010;12;Viet Nam;16;60;14689320.0;249116600.0;16598101.694915254;271664776.4449291;990046.0;32194991.0
2011;12;Australia;25;15;217022692.0;543619.0;126691589.02510215;428721.6088328076;2092162915.0;419245.0
2011;12;Austria;33;42;123485735.0;813371456.0;112157797.4568574;715366276.1653475;790942841.0;6423070600.0
2011;12;Belarus;22;4;128434500.0;975400.0;104844489.79591836;758475.8942457233;2159268452.0;11875208.0
2011;12;Belgium;42;45;116985973.71;228123364.862;105297906.12961297;199060527.8027923;791726702.447;1428079892.618
2011;12;Cameroon;35;2;141045649.0;0.0;92854278.47267939;0.0;513091040.0;0.0
2011;12;Canada;47;15;622319718.0;272531020.0;490015525.9842519;241605514.18439713;5905855784.0;1567521256.0
2011;12;China;46;108;6557993.0;8265563986.0;6044233.179723503;6544389537.608868;13762512.0;38242104168.0
2011;12;Czechia;25;38;410776464.0;155834749.0;373433149.09090906;137057826.7370273;3073216070.0;1204452235.0
2011;12;Estonia;22;16;191953237.0;34366583.0;168085146.234676;29600846.683893196;2253315747.0;251977538.0
2011;12;Finland;28;20;81651857.0;465524216.0;70450264.88352028;373315329.59101844;552603174.0;5123778362.0
2011;12;France;58;56;455637622.0;191578154.0;418400020.20202017;168791325.11013216;4071721901.0;980026764.0
2011;12;Germany;67;68;431985564.44699997;694460597.68;400728723.9768089;603354124.8305821;3118404430.423;5275584829.0
2011;12;Ghana;29;8;199926292.0;1547697.0;144979182.01595357;1302775.2525252525;18164652.0;3284490.0
2011;12;India;46;103;2537058.0;1825914558.0;2227443.3713784018;1379089545.3172204;1330748.0;4669647103.0
2011;12;Italy;55;67;19345628.0;408393607.0;17586934.545454547;346096277.11864406;117429046.0;2605704422.0
2011;12;Japan;16;54;9398210.0;1111434899.0;7076965.361445783;773979734.6796658;78612867.0;6780337872.0
2011;12;Latvia;26;13;314950867.0;31428577.0;261370014.1078838;24963127.084988084;3750082272.0;359315692.0
2011;12;Lithuania;30;15;160699538.0;18219719.0;138176730.8684437;14897562.551103843;1364740827.0;222302325.0
2011;12;Malaysia;39;32;560823808.0;23387125.0;455214129.8701299;19232833.059210528;533115782.0;73797667.0
2011;12;Myanmar;19;0;532706791.0;0.0;494162143.78478664;0.0;1009604575.0;0.0
2011;12;New Zealand;30;20;1279560211.868;1705019.467;1121437521.3567047;1487800.5820244327;11209930950.975;5091808.651000001
2011;12;Poland;35;33;159198427.0;205365427.0;143810683.8301716;178423481.3205908;1281688706.0;2568872467.0
2011;12;Rep. of Korea;5;44;106204.0;793021422.0;86697.14285714286;560043377.1186441;106482.0;3442376520.0
2011;12;Russian Federation;38;17;1981769006.0;273932.0;1269550932.735426;253406.10545790935;15745850638.0;793136.0
2011;12;Slovakia;24;15;228900141.59100002;36469833.46;204924030.07251567;31935055.569176883;1477182705.446;574392547.0
2011;12;Spain;33;41;161173840.384;158210914.64000002;145201658.0036036;132616022.33025984;1847204159.203;1774993832.846
2011;12;Sweden;39;31;90238163.0;576379795.0;79927513.72896369;499030125.54112554;773984750.0;6471097054.0
2011;12;USA;122;53;2216816121.0;69349431.0;2065998248.835042;61100820.26431718;16807324234.0;391402785.0
2011;12;Ukraine;51;11;234525586.0;2768368.0;173594068.0977054;2280369.0280065895;2393519089.0;21130534.0
2011;12;Viet Nam;12;63;46257406.0;326259448.0;43680270.06610009;295792790.57116956;13115577.0;1057353354.0
2012;12;Australia;28;14;130037921.0;888102.0;82042852.3659306;687385.4489164087;1445995556.0;593392.0
2012;12;Austria;35;36;90797709.393;739411727.311;83994180.75208141;664341174.5831088;640036531.0;6380027651.0
2012;12;Belgium;48;39;105058366.67799999;193882213.995;96119274.17932297;170971970.01322752;885845053.105;1454156456.193
2012;12;Canada;38;19;611865126.0;295049916.0;489884008.0064051;263202422.83675292;6140265165.0;1299734016.0
2012;12;China;56;106;1702656.0;7226545833.0;1583866.046511628;5933124657.6354685;3803075.0;34280740833.0
2012;12;Czechia;20;36;392560416.0;196586700.0;361141137.074517;176786600.71942443;3082787798.0;1498734009.0
2012;12;Estonia;25;17;145969052.0;28888418.0;128834114.7396293;25098538.662033018;2032379695.0;234734882.0
2012;12;Finland;31;16;70173247.0;384932844.0;61881170.19400352;316556615.131579;606636.0;5382330.0
2012;12;France;61;54;324685563.0;147456801.0;301472203.3426184;131657858.03571428;3174440873.0;898999387.0
2012;12;Germany;65;67;358369540.998;599248963.584;335866486.40862226;531249081.1914894;2903013594.657;4835051179.0
2012;12;India;38;101;1914600.0;2010248457.0;1675065.6167979003;1531034620.7159176;3826109.0;1016938034.0
2012;12;Italy;58;57;25457520.0;291977412.0;23270127.970749542;253013355.28596184;115513965.0;2419864953.0
2012;12;Japan;11;52;9801015.0;1027089489.0;7533447.348193697;716240926.7782426;97686538.0;6007343199.0
2012;12;Latvia;24;13;238283907.0;47566734.0;201593829.94923857;38083854.28342674;3512893146.0;616531316.0
2012;12;Malaysia;44;30;485470970.0;16994592.0;411416076.2711864;14317263.689974727;508318325.0;13678024.0
2012;12;Myanmar;28;1;1842782513.0;523429.0;1766809696.0690317;450843.2385874246;14478071060.0;0.0
2012;12;New Zealand;26;17;1267139417.94;2229543.626;1139513865.0539567;1955740.0228070177;12265511024.357;2237990.299
2012;12;Norway;12;16;128264476.0;69150000.0;91226512.0910384;62579185.52036199;1509176654.0;713058215.0
2012;12;Papua New Guinea;12;6;121974545.0;64149.0;85118314.72435449;53502.08507089241;0.0;0.0
2012;12;Poland;37;37;184234459.0;124176013.0;168712874.54212454;109890276.99115044;1353271428.0;2047662604.0
2012;12;Portugal;15;25;97911759.0;167007973.0;88768593.83499548;143108802.9134533;1143111310.0;1729841901.0
2012;12;Rep. of Korea;10;40;128182.0;654964096.0;109091.06382978724;473924816.2083937;327838.0;3152835871.0
2012;12;Russian Federation;39;11;1529234775.0;1660187.0;998847011.7570217;1551576.6355140186;13351563401.0;15120294.0
2012;12;Slovakia;25;17;225183606.156;25098629.343000002;204526436.10899183;22409490.48482143;1196557200.764;479555803.475
2012;12;Spain;32;39;150484039.70000002;129181952.834;136679418.43778384;109848599.34863947;1441273865.3079998;1425862853.736
2012;12;Sweden;36;34;70898591.799;507912691.64199996;63987898.73555957;445537448.8087719;621680493.452;6789550007.38
2012;12;USA;116;47;1911568968.0;93125150.0;1774901548.7465181;81832293.4973638;17212542908.0;421098987.0
2012;12;Ukraine;47;15;212619652.0;1604479.0;164185059.45945945;1362036.5025466892;2383698202.0;16680616.0
2012;12;Viet Nam;12;59;50770078.0;313312276.0;48214698.95536562;285088513.19381255;0.0;0.0
2013;12;Australia;24;12;201127108.0;797676.0;136821161.9047619;647464.2857142857;2043019751.0;586590.0
2013;12;Austria;39;38;99563117.36700001;841208966.0270001;93311262.76194939;762655454.2402539;642550142.0;6997885890.0
2013;12;Belgium;41;47;129671924.92500001;214998663.82;120066597.15277778;192478660.5371531;991419616.727;1625667684.405
2013;12;Cameroon;42;0;145519098.0;0.0;104614736.16103522;0.0;566833824.0;0.0
2013;12;Canada;39;22;805607975.0;309455552.0;656567216.788916;279797063.29113925;8106906496.0;1440344617.0
2013;12;China;50;111;6639470.0;9267606424.0;6251854.9905838035;7710155094.841929;13947477.0;41129877126.0
2013;12;China, Hong Kong SAR;7;53;137199824.0;119106330.0;129311803.95852968;111314327.10280374;273936148.0;127039002.0
2013;12;Czechia;21;34;505039627.0;231489048.0;471119055.03731346;209113864.49864498;3812948311.0;2271777123.0
2013;12;Estonia;35;20;181859379.0;29509883.0;164281281.8428184;25999896.91629956;2284448808.0;202995861.0
2013;12;Finland;35;22;80123680.0;460191574.0;71731136.9740376;383812822.35196;652993173.0;6061465987.0
2013;12;France;58;55;344631392.0;139298381.0;321184894.6877913;124596047.40608229;3310114687.0;822621301.0
2013;12;Germany;64;71;359461766.224;762094305.312;339114873.7962264;680441344.0285715;2817127685.689;6270105470.285
2013;12;India;40;73;2100500.0;2031201683.0;1878801.4311270125;1626262356.285028;15154175.0;1120636860.0
2013;12;Italy;55;58;28088154.0;293689358.0;26031653.382761814;255382050.43478262;130842093.0;2350545779.0
2013;12;Japan;15;49;23496721.0;1104695437.0;19778384.68013468;823784815.0633856;235743208.0;6649071515.0
2013;12;Latvia;31;13;241504289.0;77222528.0;209275813.6915078;62731541.83590577;3093174397.0;753528125.0
2013;12;Lithuania;29;14;158944760.0;22249981.0;137376629.21348312;18541650.833333332;1379699227.0;304370739.0
2013;12;Malaysia;43;26;509319277.0;11400560.0;436434684.6615253;9828068.965517242;1942295725.0;14989307.0
2013;12;Myanmar;40;2;636253935.0;59582.0;582650123.6263736;51900.6968641115;5244553180.0;64829.0
2013;12;New Zealand;29;12;1913356313.399;3351586.589;1691738561.8028293;2971264.7065602844;18004434961.744003;1553108.548
2013;12;Norway;12;16;193988173.0;53314357.0;134807625.4343294;49137656.22119816;2444463127.0;466871250.0
2013;12;Poland;36;37;257868344.0;126685178.0;238766985.1851852;112910140.81996435;2200912169.0;1891070479.0
2013;12;Portugal;18;24;128849428.0;234569056.0;117670710.50228313;202389176.87661776;1485519483.0;2282589401.0
2013;12;Rep. of Korea;10;40;299391.0;738430326.0;258541.45077720206;560265801.2139605;718009.0;3210515080.0
2013;12;Russian Federation;39;13;1640258145.0;3911523.0;1083393754.953765;3690116.037735849;14425288151.0;35294534.0
2013;12;Slovakia;23;19;243317366.784;63193509.27700001;224669775.42382273;56931089.43873873;1652609645.491;497528230.0
2013;12;Spain;40;39;207201745.991;163243179.19199997;189745188.6364469;139524084.7794872;2031161796.4129999;1810423329.103
2013;12;Sweden;38;28;73271817.213;571369542.6769999;66792905.390154965;506982735.2945874;660786295.377;7253694000.0
2013;12;USA;119;50;2384520808.0;89125354.0;2222293390.4939423;79152179.39609236;22000125982.0;413373959.0
2013;12;Ukraine;43;10;237352934.0;1349600.0;190951676.58889785;1146644.0101954122;2787073846.0;12020643.0
2013;12;Viet Nam;13;64;92335254.0;409213302.0;89820285.9922179;381373068.0335508;761115931.0;91485535.0
2014;12;Australia;30;12;271513961.0;670904.0;205381211.04387295;564734.0067340067;2665880509.0;250218.0
2014;12;Austria;41;35;91066989.672;761215647.233;85508910.49014084;696446154.8334858;566124768.0;6219464932.0
2014;12;Belgium;42;48;153883842.279;230828684.745;140533189.29589042;204998831.92273533;1053279995.7820001;1685087285.277
2014;12;Cameroon;34;4;176578284.0;0.0;129077692.98245613;0.0;730227003.0;0.0
2014;12;Canada;31;17;742463092.0;310460241.0;618719243.3333334;283266643.2481752;7761116382.0;1387640467.0
2014;12;China;54;113;8062022.0;11746860676.0;7648977.229601518;10109174419.965576;11921293.0;46608271229.0
2014;12;China, Hong Kong SAR;6;48;257654196.0;202628716.0;245618871.30600572;191520525.5198488;313205319.0;229540905.0
2014;12;Czechia;23;32;488746206.0;223058034.0;458486121.9512195;203520104.01459855;3757455648.0;1775857547.0
2014;12;Estonia;31;19;180381977.0;26009416.0;163094011.75406873;23057992.907801416;2305400610.0;164964360.0
2014;12;Finland;33;16;76252031.0;408895292.0;68326192.65232976;351889235.80034417;605050748.0;5611010952.0
2014;12;France;57;58;368138512.0;160951023.0;344054684.11214954;145131670.87466183;3147545936.0;974280888.0
2014;12;Germany;70;66;401265566.691;811739783.569;379268021.44706994;732617133.1850181;2918577850.279;6288706525.118
2014;12;India;39;74;4692470.0;2006942181.0;4134334.8017621147;1635649699.2665036;36085086.0;1297878377.0
2014;12;Italy;60;48;29950440.0;313416779.0;27912805.219012115;275652400.1759015;131203984.0;2572668991.0
2014;12;Japan;12;54;52368262.0;1042811135.0;46425764.18439717;809635974.3788819;549736742.0;6510444580.0
2014;12;Latvia;31;14;252122636.862;114812407.107;219427882.38642296;94807933.20148638;3168425049.0;1014032051.0
2014;12;Lithuania;25;18;155310598.0;23646544.0;135052693.91304347;20124718.29787234;1355217707.0;297189753.0
2014;12;Malaysia;48;20;556142050.0;18834498.0;479019853.57450473;16550525.483304042;2606077212.0;26519699.0
2014;12;Myanmar;46;2;362336629.436;94583.46;324093586.2576029;82750.18372703412;611014019.541;748761.281
2014;12;New Zealand;27;14;1872876095.7350001;4240659.2069999995;1554254021.3568463;3803281.8000000003;5073556889.458;3737773.315
2014;12;Norway;15;19;236426983.0;38220981.0;168515312.1881682;35357059.20444034;3024761092.0;323184053.0
2014;12;Poland;40;36;235321417.0;167498682.0;218497137.4187558;150899713.5135135;2023456246.0;2271371034.0
2014;12;Portugal;20;28;100977967.0;234765239.0;92555423.46471131;205035143.23144105;1116580434.0;2610788103.0
2014;12;Rep. of Korea;9;43;862512.0;713510092.0;761263.9011473963;562705119.8738171;5200.0;2894241.0
2014;12;Russian Federation;42;8;1776574283.0;1553131.0;1221853014.4429162;1465217.924528302;15925662055.0;10665412.0
2014;12;Slovakia;22;17;208574003.378;39182779.263;194565301.6585821;35750711.00638686;1760122610.0;540915403.748
2014;12;Slovenia;25;34;166203023.0;37426632.0;154463776.02230486;33476415.02683363;1681738921.0;254360294.0
2014;12;Spain;35;40;215183432.433;143641665.945;198325744.17788017;124580803.07458805;2189342228.05;1446696319.408
2014;12;Sweden;41;24;66999870.213999994;591794433.7639999;61467770.838532105;529333125.01252234;537810070.302;7763262611.751
2014;12;USA;112;50;2456605314.0;93487165.0;2300192241.573034;83920255.83482943;23263606698.0;429725729.0
2014;12;Ukraine;50;9;254087607.0;837440.0;216798299.4880546;718832.618025751;2878745999.0;6502450.0
2014;12;Viet Nam;12;66;44886466.0;517331131.0;43201603.46487007;487129125.2354049;299395643.0;150617086.0
2015;12;Australia;27;14;291290429.0;431173.0;291290429.0;431173.0;3470905970.0;306779.0
2015;12;Austria;41;38;84983196.718;652577302.274;84983196.718;652577302.274;668410484.0;6406369060.0
2015;12;Belgium;46;45;119173937.845;179256554.423;119173937.845;179256554.423;1005752508.632;1611881949.7889998
2015;12;Cameroon;37;2;174465425.0;0.0;174465425.0;0.0;909311.0;0.0
2015;12;Canada;37;18;558749709.872;329929996.43200004;558749709.872;329929996.43200004;6057535653.499001;0.0
2015;12;China;60;109;4140358.0;7997969662.0;4140358.0000000005;7997969662.0;13032047.0;39108567477.0
2015;12;Czechia;22;35;398635403.0;179238161.0;398635403.0;179238161.0;3781392649.0;1741953047.0
2015;12;Estonia;30;16;122131962.0;24741231.0;122131962.0;24741231.0;2082914839.0;194519422.0
2015;12;Finland;27;13;65412887.0;274581093.0;65412887.0;274581093.0;571155870.0;5130389115.0
2015;12;France;57;60;313839991.0;123440605.0;313839991.0;123440605.0;3088682028.0;877634545.0
2015;12;Germany;62;70;359246224.42899996;661057440.407;359246224.42899996;661057440.407;3186744506.21;6515271973.599
2015;12;India;26;76;81571046.0;1563660120.0;81571046.0;1563660120.0;767430418.0;756961014.0
2015;12;Italy;54;51;28007699.262;252917110.755;28007699.262;252917110.755;165487287.626;2342875301.0
2015;12;Japan;13;49;69028506.0;797512880.0;69028506.0;797512880.0;651681569.0;5115170534.0
2015;12;Latvia;34;17;157080688.75599998;96785101.257;157080688.75599998;96785101.257;2511487875.0;1252754870.0
2015;12;Malaysia;44;22;466769633.0;6980598.0;466769633.0;6980598.0;3228938603.0;12465480.0
2015;12;New Zealand;28;13;1330607507.614;2043862.286;1330607507.6139998;2043862.2860000003;4529603804.423;3156203.17
2015;12;Norway;17;21;229308148.00499997;25527077.378;229308148.00499997;25527077.378;3699963652.0;268901506.0
2015;12;Poland;43;35;175537360.0;115656692.0;175537360.0;115656692.0;1866768907.0;2132441335.0
2015;12;Rep. of Korea;13;48;95669.0;593714474.0;95669.0;593714474.0;128098.0;3228965085.0
2015;12;Russian Federation;40;9;1338433698.0;43248.0;1338433698.0;43248.0;15118003985.0;45147.0
2015;12;Slovakia;26;22;147422090.72599998;20007816.861;147422090.72599998;20007816.861;1544948253.0;360099943.568
2015;12;Slovenia;26;35;158355301.0;34763624.0;158355301.0;34763624.0;1948806031.0;256174899.0
2015;12;Solomon Isds;11;0;146753786.0;0.0;146753786.0;0.0;728102911.0;0.0
2015;12;Spain;44;47;118818543.95700002;80627406.92;118818543.95700002;80627406.92;1519656611.2799997;558454795.707
2015;12;Sweden;36;27;46405265.065000005;410696413.70100003;46405265.065000005;410696413.70100003;487942759.40999997;6688729140.536
2015;12;USA;112;58;1979890750.0;97533661.0;1979890750.0;97533661.0;17364101340.0;470498675.0
2015;12;Ukraine;42;8;172078615.0;415901.0;172078615.0;415901.0;2495517862.0;5795144.0
2015;12;Viet Nam;17;71;52565618.0;503370151.0;52565618.0;503370151.0;354233701.0;198077496.0
2016;12;Australia;26;14;388752655.0;1767445.0;406645036.61087865;1846859.9791013582;3905580102.0;304811.0
2016;12;Austria;39;41;90362867.303;730101634.359;90725770.38453816;738969265.5455465;725374000.0;7550211841.899
2016;12;Belgium;52;46;112819557.747;140045591.523;113729392.89012097;142612618.65885946;855120225.408;190922751.572
2016;12;Cameroon;36;5;151863368.0;1053.0;165608907.306434;1101.4644351464435;764008403.0;2299.0
2016;12;Canada;33;11;627047693.323;289479905.023;653174680.5447916;293292710.2563323;6843319493.341;0.0
2016;12;China;53;95;5621043.0;4959458909.0;5689314.777327935;5060672356.122449;18004326.297;44885339398.067
2016;12;Czechia;28;32;475309039.0;149535777.0;480595590.49544996;152431984.70948014;5029490473.0;1413454271.0
2016;12;Estonia;29;22;126500094.537;20301193.706;129876893.775154;20972307.547520664;2192498116.8;139965485.6
2016;12;Finland;29;12;65203678.0;263653773.0;67013029.804727644;265780013.10483873;662307136.0;5293277703.0
2016;12;France;56;59;289186906.0;121034374.0;290640106.5326633;123504463.26530612;2796189917.0;875453372.0
2016;12;Germany;58;62;373290418.431;638773582.92;375543680.51408446;651809778.4897959;3335927006.38;6396395309.0
2016;12;India;34;72;20164480.0;1276534238.0;20409392.712550607;1297290892.2764227;232639091.0;3321321871.0
2016;12;Italy;55;57;25971776.876;257371147.044;26076081.200803217;264512997.98972252;139148228.0;2474955797.0
2016;12;Japan;19;45;70678747.0;823513845.0;70048312.19028741;885498758.0645162;806449423.0;5834291371.0
2016;12;Latvia;34;17;146131541.987;86987154.427;150962336.76342973;91661911.9357218;2394517307.0;1234366504.14
2016;12;Malaysia;42;21;341418589.0;5017730.0;349814128.0737705;5156968.139773895;2273831947.0;17638405.0
2016;12;New Zealand;29;16;1613260413.311;1650318.4019999998;1654626064.9343588;1685718.4902962204;18503859896.324;3339767.8370000003
2016;12;Norway;19;19;192982690.0;25825507.0;216834483.14606744;26112747.21941355;3327450802.0;280460563.0
2016;12;Poland;44;34;143515745.0;89155671.0;145406023.3029382;90697528.99287894;1612715478.0;1847090218.0
2016;12;Portugal;18;32;22595728.13;160687802.742;23033362.008154944;164977210.20739222;249005930.0;2008108892.0
2016;12;Rep. of Korea;10;46;139626.0;577998555.0;148222.92993630574;620170123.390558;229507.0;3293995163.0
2016;12;Russian Federation;41;8;1350464034.3400002;23263.9;1531138360.9297051;23333.90170511535;15924145440.28;172320.0
2016;12;Slovakia;28;24;133080106.273;22036564.742;135106706.8761421;22463368.748216107;1497620678.0;354574455.0
2016;12;Slovenia;25;38;197688771.55;35563250.28;201107600.76297048;36512577.28952772;2230751337.46;241539750.01
2016;12;Solomon Isds;12;0;284822782.0;0.0;297931780.33472806;0.0;133783.0;0.0
2016;12;Spain;32;40;126923070.124;68815404.856;128075751.8910192;70797741.62139918;1572166666.2989998;451579562.1
2016;12;Sweden;38;26;45455575.361999996;371950143.588;46194690.40853658;380317120.23312885;478873710.872;6461090246.549
2016;12;USA;107;53;1992283940.0;89053090.0;2058144566.1157026;92092130.29989658;15535678975.819;605401899.659
2016;12;Viet Nam;13;73;19027377.89;558402545.45;19356437.324516784;589654219.0601901;17572001.037;172762456.424
2017;12;Australia;28;17;462187298.24799997;414062.595;401204251.95138896;418245.04545454547;5349591312.530999;366324.922
2017;12;Austria;38;37;86562317.551;710342521.266;83797016.02226526;690994670.4922179;746520900.0;7493371355.104
2017;12;Belgium;53;45;149575035.844;210255487.71;145359607.23420796;205729440.0293542;847874458.754;1968191020.1200001
2017;12;Cameroon;42;3;195943933.678;0.0;208672985.81256655;0.0;970480073.0;0.0
2017;12;China;46;106;30155358.0;9859294532.0;30065162.512462612;9562846296.799225;107221978.0;47473453927.0
2017;12;Congo;31;0;181580489.20499998;0.0;176634717.1254864;0.0;612485658.2049999;0.0
2017;12;Czechia;25;36;508457319.0;149925706.0;503423088.11881185;147710055.1724138;5407547542.71;1358717703.182
2017;12;Estonia;30;17;140562825.34600002;21295057.584999997;139585725.26911616;21295057.585;2188334358.0;147076281.6
2017;12;Finland;38;16;72332443.45;240031177.732;70499457.55360624;229475313.31931165;794311067.0;4365384312.0
2017;12;France;59;53;324450442.15;125125842.074;316846134.9121094;123034259.65978368;2806168537.0;787702605.149
2017;12;Germany;55;66;417914292.584;635593719.806;410121975.0578999;623742610.2119725;3634712728.0;6367674249.226
2017;12;India;28;79;70012180.397;1188986183.4069998;68505068.8816047;1133447267.3088655;379453983.887;699704427.748
2017;12;Italy;46;56;24026748.002000004;282827454.814;23486557.186705768;276468675.2825025;138266038.0;2425413751.0
2017;12;Japan;17;50;114102375.11299999;734615140.365;110779004.96407768;733881259.1058942;1186689034.0770001;5317902797.783001
2017;12;Latvia;36;20;148099371.615;83786798.341;146778366.31813675;83452986.39541832;2090218184.0;975121442.0
2017;12;Malaysia;42;14;278738507.056;3537906.659;274079161.31366765;3489059.8214990133;1247360862.1299999;10073161.307
2017;12;New Zealand;22;8;2130044115.0630002;1467615.1479999998;2054044469.6846676;1454524.42814668;23145635247.045;3630157.73
2017;12;Norway;17;19;205364282.226;34227521.204;202528877.93491122;33589324.047105;3299156293.0;351384592.0
2017;12;Poland;45;35;175851720.0;88663222.0;172912212.38938054;86754620.35225049;1949107607.377;1383115753.528
2017;12;Rep. of Korea;7;44;345605.0;583754329.0;336846.9785575049;572869802.7477919;1458483.1;3072431264.78
2017;12;Russian Federation;42;6;1465797800.1499999;314558.01;1452723290.5351834;308692.8459273798;15701762641.85;1382192.0
2017;12;Slovakia;23;23;135131734.045;33094029.746000003;134192387.33366434;32637110.203155816;1313674755.0279999;502967210.0
2017;12;Slovenia;29;40;207280357.64;36932699.83;203415463.82728165;36102345.87487781;2029707749.1899998;294595472.04
2017;12;Solomon Isds;12;1;318216408.95;0.0;316948614.4920318;0.0;722005775.507;0.0
2017;12;Sweden;42;28;108189175.505;374596760.366;105860250.00489236;367612129.89793915;687666136.283;6272693748.433
2017;12;USA;101;37;856468841.0;2322922.0;864247064.5812311;2334594.9748743717;3703726236.293;5139009.1450000005
2017;12;Viet Nam;19;72;20967200.3;644452451.3;20718577.3715415;663699743.8722967;99315185.534;94703338.13
2018;12;Australia;26;15;475717490.01399994;2453896.219;390252247.7555373;2387058.578793774;4003670047.549;213535.53300000002
2018;12;Austria;34;40;101969781.287;794057836.1149999;94679462.66202414;737286755.9099349;833326916.0;8514336757.0
2018;12;Belgium;56;44;168446671.84100002;262319358.733;156113690.3067655;242663606.5985199;945440143.797;3854309990.917
2018;12;Cameroon;42;1;217738699.747;0.0;206387393.1251185;0.0;1048274164.0;0.0
2018;12;Canada;30;13;125162512.944;217185969.58200002;114303664.7890411;205279744.40642723;982012876.55;1850572589.2869997
2018;12;China;46;107;23604566.0;10926631707.0;22961640.077821013;10173772539.106144;78546032.0;51369562253.0
2018;12;Congo;29;1;172248255.353;539.841;146594259.8748936;515.1154580152672;681054530.0;820.0
2018;12;Czechia;23;34;607076549.0;136897969.0;585416151.3982642;130379018.09523809;7117599321.0;1096455743.0
2018;12;Estonia;30;18;234634124.94799998;31473915.932;219284228.92336446;30032362.530534353;2552069814.2;179619641.8
2018;12;Finland;35;17;112447846.341;456785801.70500004;104022059.51988901;411889812.17763746;1322918444.0;6339076744.0
2018;12;France;62;60;362231225.21500003;134056322.964;342373558.8043478;126111310.40827847;2123444659.1880002;854428888.9860001
2018;12;Germany;57;61;536537951.42700005;620031899.539;511963694.1097328;583284947.8259643;4442080509.6380005;6260578686.784
2018;12;India;29;79;54193289.441;1108492336.473;50981457.61147695;991495828.6878355;259138048.94;2102413595.584
2018;12;Italy;60;47;22656187.968;281025749.316;21393945.20113314;260691789.7179963;54670487.0;2248979625.0
2018;12;Latvia;32;18;332308131.15900004;129476886.68699999;310278367.09523815;121460494.07786117;3252424628.0;1213931854.0
2018;12;Lithuania;33;14;135385520.0;15018743.0;127003302.06378987;13867722.068328718;1202368258.0;165471788.0
2018;12;Malaysia;36;20;197353816.73;1368694.992;189217465.704698;1302278.7745004757;589158613.025;6194489.642
2018;12;New Zealand;26;7;2389387741.0740004;386320.388;2279950134.6125956;366527.88235294115;20901837267.705;1330282.706
2018;12;Norway;15;20;237089385.72599998;32193264.774;203510202.33991417;30313808.63841808;3233751862.0;314052746.0
2018;12;Poland;47;35;393545689.0;100966427.0;374805418.0952381;94804156.80751173;4152830935.0;803045102.906
2018;12;Rep. of Korea;3;54;640742.0;515953654.0;603335.2165725047;463570219.2273136;1298768.0;2588765140.86
2018;12;Russian Federation;51;9;1460295272.82;452006.54;1257790932.6614988;432956.4559386972;15600355523.48;3876832.0
2018;12;Slovakia;20;25;150266006.257;48184989.389;145324957.6953578;45846802.46336823;1408927034.0;674205055.0
2018;12;Slovenia;27;32;211225871.48999998;39385821.3;200024499.51704547;36672086.871508375;1848279412.27;293839262.6
2018;12;Solomon Isds;7;0;390042789.594;0.0;374321295.19577736;0.0;584796601.178;0.0
2018;12;Spain;34;46;114971831.568;71780646.681;108463992.04528303;66897154.40913327;1254153318.08;454341790.086
2018;12;Sweden;40;24;97467832.055;732240851.569;91347546.44329897;684337244.4570093;561970280.178;8943419474.306
2018;12;USA;107;43;934747042.0;11480577.0;912838908.203125;11189646.19883041;4380226328.754001;105583312.715
2018;12;Uruguay;12;4;181211743.0;1005119.8;187395804.5501551;1013225.6048387097;2104311540.0;2628360.0
2018;12;Viet Nam;18;65;4148440.56;544323880.46;4063115.14201763;547059176.3417085;21675716.930999998;236952401.73900002
2019;12;Australia;25;18;439774485.64699996;2039945.436;344111491.1165884;2077337.5112016294;4418529930.705999;3468410.652
2019;12;Austria;34;34;84242803.434;677065611.3970001;79324673.66666667;645439095.7073402;780378348.0;8794645202.0
2019;12;Belgium;50;44;209504352.452;208122871.29000002;199718162.48999044;199925909.02017292;1419781422.805;3609306004.984
2019;12;Cameroon;43;2;146037578.73000002;611.12;148563152.31943032;579.8102466793168;814001781.0;5000.0
2019;12;Canada;33;19;565123159.029;293383613.13;536169980.10341555;282371138.71992296;5174158618.939;2194405660.524
2019;12;China;53;102;15329749.0;9384904745.0;15283897.308075773;8980770090.90909;55946693.0;49715400802.624
2019;12;Congo;24;2;191907218.10300002;5461.568;178684560.61731842;5271.783783783784;544939562.0;15000.0
2019;12;Czechia;29;30;775144630.0;111018082.0;762187443.4611602;108522074.2913001;10788152072.0;999897208.0
2019;12;Estonia;33;20;168589398.357;31350849.909;160714393.09532887;30675978.384540115;2118150128.5;208713725.5
2019;12;Finland;34;16;98558193.051;355400656.801;93420088.2;329991324.79201484;671168181.635;1783532643.8830001
2019;12;France;57;60;318542261.601;122501620.50199999;303662785.1296473;118016975.4354528;2614659092.795;796151470.255
2019;12;Germany;60;62;767888761.59;473475673.03400004;741205368.3301159;458350119.10358185;7232482716.595;5309069089.22
2019;12;India;27;68;55760013.206;767628006.472;53978715.59148113;731771216.8465204;243989173.076;2352443655.062
2019;12;Italy;52;52;63183317.449;242513093.86999997;60231951.810295515;233185667.18269232;491746205.0;1965290556.0
2019;12;Japan;22;48;125932897.22700001;734292030.7060001;121791970.23887815;700660334.6431298;1127694466.116;5045222614.907
2019;12;Latvia;33;15;241252055.37800002;97896798.80800001;231084344.23180076;94677755.1334623;2819499875.0;1026640173.0
2019;12;Malaysia;38;20;167727060.527;5291266.278;168231755.79438314;5202818.3657817105;594895459.064;15524140.507000001
2019;12;New Zealand;25;16;2228136274.666;348350.227;2126084231.5515268;337548.6695736434;23125462344.0;1878847.45
2019;12;Norway;12;18;242321459.99099997;27483745.354000002;235721264.58268484;26300234.78851675;3370383360.0;326824359.908
2019;12;Papua New Guinea;14;2;325672368.848;13703.544;323408509.2830189;13026.182509505701;1172903907.5870001;42754.648
2019;12;Rep. of Korea;7;44;326208.0;406570727.0;336296.90721649484;383195784.1658813;144624.5;2236741472.85
2019;12;Russian Federation;44;16;1113911050.29;257712.71;1041038364.7570095;250937.40019474196;13066255309.9;1103774.0
2019;12;Slovakia;20;24;146569252.565;73448982.003;144403204.49753693;71657543.41756098;1302079084.0;962965369.0
2019;12;Slovenia;27;34;147925390.34;43592578.56;142923082.45410627;41795377.3346117;1455683250.27;378330691.45
2019;12;Spain;27;48;119657833.66199999;66822987.947;115055609.2903846;64438754.04725169;1518585312.4889998;511438560.31000006
2019;12;Sweden;38;23;91012186.531;619521351.931;86595800.69552808;594550241.7763916;636905733.498;8370678346.208
2019;12;USA;104;53;1594147099.0;99187822.0;1569042420.2755904;97914927.93682133;12205561624.416;691798660.945
2019;12;Viet Nam;13;66;216270.15000000002;463168039.91;205579.99049429657;462705334.5754246;1056323.581;1520908368.697
2020;12;Australia;22;11;399555685.872;809947.3400000001;325106335.12774616;864404.8452508004;4488215859.448;1578098.165
2020;12;Austria;32;39;60099341.451;712756777.998;56484343.46898496;688653891.7855072;560317211.0;9778730663.0
2020;12;Belgium;48;41;227140759.47399998;212764945.44399998;220525009.19805825;210449995.49357072;1656834048.293;3779463642.048
2020;12;Brazil;38;5;115419800.0;576796.0;109610446.34377968;577951.9038076153;1367141157.0;9568076.0
2020;12;Cameroon;32;5;129749133.41;9773.92;153186698.24085006;9783.703703703703;739934105.3;69778.0
2020;12;Canada;25;19;298948318.25799996;249937064.83799997;299847861.84353054;243129440.5038911;2688345475.609;1863876125.1249998
2020;12;China;55;97;6488025.0;8376187573.0;6430153.617443012;8309709893.849206;26275801.0;48607942676.275
2020;12;Congo;30;2;180512490.18;5408.52;220405970.91575092;5215.544840887175;510813123.1;3031.42
2020;12;Czechia;34;32;870485806.0;86820124.0;855094111.984283;85790636.36363636;13702848000.243;770504350.579
2020;12;Finland;25;20;91908071.26099999;324502769.914;89753975.84082031;313529246.29371977;975843600.0;5678520462.0
2020;12;France;54;45;288318551.181;83575527.57599999;275113121.355916;82259377.53543308;2497735683.83;604854823.0
2020;12;Germany;56;57;984720978.1690001;378687745.499;950502874.680502;372724158.9557087;10127732407.474;4474763651.512
2020;12;India;21;71;6376460.026;563086248.929;6263713.188605108;571081388.3661258;36527636.382;2309060002.465
2020;12;Italy;49;48;50922347.227;175634564.022;48543705.65014299;173723604.37388724;294382818.0;1495052217.0
2020;12;Japan;14;42;143262508.821;562484092.469;140178580.05968687;585920929.6552083;1455939524.2860003;4282465928.8919997
2020;12;Latvia;27;17;175855778.23900002;105629366.727;169092094.46057692;105947208.35205616;2371644518.0;1314965452.0
2020;12;Malaysia;31;23;108723725.02000001;1237073.406;112201986.60474715;1254638.3427991888;434225061.292;5400654.7069999995
2020;12;Netherlands;57;49;112183873.206;110081467.297;111183224.18830526;110857469.58408862;1008847652.986;727797092.863
2020;12;New Zealand;25;7;1906028543.424;236487.81;1811814204.7756653;234843.90268123135;21613052088.26;1879042.3199999998
2020;12;Norway;12;16;209509503.59000003;21317737.813;247354785.8205431;20557124.21697203;3324062208.0;272020200.0
2020;12;Papua New Guinea;13;1;268915736.505;195818.114;281882323.3805031;190299.43051506314;1064688030.736;1849140.556
2020;12;Portugal;20;29;21376054.224000003;191265412.33999997;20693179.306873184;189935861.31082425;213301567.55900002;2145212969.971
2020;12;Rep. of Korea;5;46;362006.0;368891666.0;398246.4246424642;385466735.6321839;393087.0;2280905127.531
2020;12;Russian Federation;41;7;1016845728.396;117725.43;1147681409.0248308;114185.6741028128;13133981818.0;661804.0
2020;12;Slovakia;27;21;142650856.13700002;67322059.073;140820193.61994076;66589573.76162216;1197234316.0;914258554.0
2020;12;Slovenia;27;30;120567662.61;60918422.25;117856952.6979472;59900120.206489675;1176215900.78;572712356.98
2020;12;Spain;34;44;121615189.80299999;55412906.45900001;118072999.80873784;55247164.96410768;1420551739.47;589286941.6730001
2020;12;Sweden;35;19;96114047.76;449757914.766;92774177.37451738;443548239.41420114;733982000.0;6887881278.208
2020;12;USA;95;41;1552790279.0;97588496.0;1571650079.9595141;98773781.37651822;12379382131.532001;908170016.6780001
2020;12;Uruguay;14;6;142268182.0;1972458.6099999999;153471609.49298814;2290892.6945412313;2041357986.5;5368706.8
2020;12;Viet Nam;16;66;197649.885;359323404.533;190414.14739884392;361129049.7819095;1186784.153;1221843152.008
2021;12;Australia;30;12;152186628.655;849805.818;88480598.05523255;809338.8742857144;449426695.899;1567743.904
2021;12;Austria;39;42;114647214.609;952000289.449;97241064.12977098;809524055.6539117;974709968.0;9015495377.0
2021;12;Belgium;54;40;277537386.752;267079700.834;240500335.14038122;230638774.46804836;1519411121.29;4275336648.96
2021;12;Brazil;43;8;221306442.0;764801.0;158756414.63414633;642150.2938706969;2612056507.0;13984188.0
2021;12;Cameroon;33;5;176665429.78;701208.04;144807729.32786885;616175.7820738137;910843574.15;961971.0
2021;12;Canada;24;21;463648575.714;286262971.598;366810582.05221516;253330063.36106187;3585375407.689;1481926059.9380002
2021;12;China;53;99;3706181.0;11563788732.0;3499698.7724268176;9280729319.422152;10676532.0;52675422113.458
2021;12;Congo;25;1;167996122.84;0.0;129626637.99382716;0.0;452387359.25;0.0
2021;12;Czechia;35;33;1174936704.0;111682862.0;1074964962.4885635;99895225.40250447;10921161573.372;754975060.8039999
2021;12;Finland;28;16;97147960.24599999;339004205.70199996;82328779.86949153;280632620.61423844;905413163.0;5729138610.0
2021;12;France;60;53;392839661.095;104033297.16200002;342493165.7323452;91498062.58751099;2898626188.0;613665613.0
2021;12;Germany;59;60;1175586589.8249998;512694050.42;1044965857.6222223;444275606.94974;9234654319.499;4435464319.91
2021;12;India;26;73;32844192.449;829865967.78;28461171.966204505;633485471.5877863;153231249.41500002;3602126006.3519998
2021;12;Italy;54;54;47630851.767000005;273033746.023;42113927.29177719;229055156.05956376;143383197.0;1912002108.0
2021;12;Japan;12;50;178160307.372;773994601.186;165422755.2200557;681333275.6919014;1244788381.3320003;5562163185.453
2021;12;Latvia;28;16;215519790.861;170855737.903;180805193.6753356;148441127.63075587;2476314585.0;1370040554.0
2021;12;Netherlands;51;50;486164769.2980001;137400371.74899998;427961944.8045775;121057596.25462554;4883574297.121;12144994382.332
2021;12;New Zealand;19;10;2782999396.016;214123.637;2386791934.833619;190841.0311942959;19390756046.056004;962714.805
2021;12;Norway;16;15;270927715.744;25954323.595;194912025.71510792;22687345.799825173;3618522324.0;290191182.0
2021;12;Papua New Guinea;11;2;245525093.40899998;16868.995;144002987.3366569;14492.263745704466;1005240045.351;92284.28899999999
2021;12;Portugal;23;36;22720098.361;252850406.82;20053043.566637248;215191835.59148937;199548863.34999996;2409382196.067
2021;12;Rep. of Korea;6;45;389499.0;528082855.0;364017.75700934586;455636630.7161346;510954.59;2592915724.15
2021;12;Romania;30;20;8461911.549999999;234823660.04999998;7409729.903677759;204194487.0;28758991.0;1542690489.0
2021;12;Russian Federation;40;10;1020590859.5150001;169905.54;786279552.7850537;153068.05405405405;11876675943.459;482198.1
2021;12;Slovakia;33;27;173497214.519;115300761.42500001;156727384.38934055;99741143.10121107;1185537214.0;1116063033.0
2021;12;Sweden;40;25;140472057.40199998;421018927.005;121515620.58996539;367702119.65502185;897542863.1079999;6124170777.067
2021;12;USA;95;49;2032073528.0;67506469.0;1806287580.4444444;62796715.34883722;13075416157.203001;459629827.963
2021;12;Uruguay;14;5;233020399.0;2136896.46;224706267.11668274;2141178.8176352703;2867823615.0;6097329.6
2021;12;Viet Nam;13;71;973545.963;390791579.783;911559.8904494384;372182456.9361905;4279548.994;1359513704.207
2022;12;Austria;32;36;146547156.66;875652842.3109999;115756047.91469194;668947931.4828113;1103878509.0;6970952974.0
2022;12;Belgium;48;43;262474140.2;293735371.19699997;200361939.08396947;219042036.6868009;1381520509.77;4343748079.319
2022;12;Brazil;47;9;201631904.0;869987.0;131613514.36031331;612235.7494722027;2165490234.547;13253321.0
2022;12;Cameroon;34;5;124081746.941;5676.505;76688347.92398022;4356.488871834228;702558378.362;58510.0
2022;12;Canada;25;18;458984670.602;306972175.985;304770697.6108898;250181072.5224124;3097186542.2230005;1537375726.4410002
2022;12;China;55;102;20201990.0;8517440563.0;18085935.541629367;6163126311.86686;52321078.0;36606755777.0
2022;12;Congo;21;3;188235524.26099998;9107.257;116626718.87298636;7142.946666666667;569372270.12;10423.1
2022;12;Czechia;33;31;1059535664.0;164123830.0;909472672.9613733;134748628.8998358;8014603053.064;1034804123.319
2022;12;Estonia;27;20;160038155.84;100365270.99000001;115052592.26455787;76149674.49924126;1494180464.8;639814529.3
2022;12;Finland;29;21;136679993.064;249576944.956;104976953.19815668;181907394.28279886;1453845007.0;2700838198.0
2022;12;France;54;50;466992867.54499996;129674278.507;376303680.5358582;101308030.08359376;2932272701.189;735041204.535
2022;12;Germany;63;63;1142351167.209;578915520.506;947223190.0572139;449119876.2653219;7915608908.779;4297635226.709
2022;12;India;24;74;7882174.0479999995;1048956205.104;5994048.7057034215;658478471.5028248;33845750.092;2840231011.7
2022;12;Italy;56;57;49088666.412;314864710.059;40805208.98753118;228659920.1590414;246297124.0;2001837859.0
2022;12;Japan;14;47;144932241.95999998;889283744.69;138691140.63157895;674722112.814871;904952210.7080001;5170166028.514
2022;12;Latvia;34;21;384810551.507;200552967.318;288247604.12509364;152511762.21901143;2826327132.0;1484571261.0
2022;12;Netherlands;55;54;295328407.593;50263300.04;231267351.2866092;39145872.305295944;4977931303.472;189023652.0
2022;12;New Zealand;19;7;2223879501.606;131602.327;1617366910.258909;106993.76178861789;14914188826.822;481562.186
2022;12;Norway;15;21;295904667.499;34579240.856;130067985.71384615;27685541.117694154;3956993586.0;320477033.0
2022;12;Papua New Guinea;12;2;283135664.092;4911.877;110686342.49100861;3723.9401061410163;1052947257.949;10052.684000000001
2022;12;Poland;48;34;414405667.0;316093904.0;340234537.76683086;252875123.2;2707010511.0;2349394840.0
2022;12;Portugal;25;37;25033831.526000004;340362836.12200004;20043099.700560447;255144554.81409293;221229118.0;2494619923.773
2022;12;Rep. of Korea;5;43;365441.0;452577756.0;329820.39711191336;349211231.4814815;191207.0;2231145973.99
2022;12;Romania;30;20;23084253.349999998;179849934.6;18661482.09377526;140727648.3568075;78780525.0;1017833067.0
2022;12;Slovakia;30;20;163735672.45499998;156133273.165;137593002.0630252;120939793.31138653;1149169147.0;1368125221.0
2022;12;Slovenia;27;38;169036545.53599998;85401486.801;139699624.40991735;67298255.9503546;1065881244.6;510608980.901
2022;12;Spain;33;49;154398597.067;90563127.80600001;122247503.61599365;67888401.65367316;1539093315.1599998;722224529.441
2022;12;Sweden;37;26;194990304.622;545330017.438;155247057.8200637;429393714.5181102;1357116528.951;6282184467.693
2022;12;USA;94;54;1864384873.0;161047190.0;1466864573.564123;138119373.92795885;9821625090.952;1083219946.2900002
2022;12;Uruguay;17;4;142645624.0;3074142.12;125237597.89288849;2625228.1127241673;1736499557.0;8546213.0
2022;12;Viet Nam;20;69;2222603.678;539613957.503;1944535.1513560805;473345576.75701755;9006589.311999999;1418673800.641
2023;12;Austria;31;32;72200411.334;866174850.699;57668060.17092652;696282034.323955;506383083.0;6558824326.0
2023;12;Belgium;45;41;172868700.491;226023172.04400003;142630940.99917492;188667088.5175292;914957010.1209999;3428769611.3799996
2023;12;Brazil;34;8;154030135.0;790277.0;107114141.16828927;601886.5194211728;1433706729.0;13317623.0
2023;12;Cameroon;33;4;105957792.536;3546.5509999999995;78197632.86789668;2874.028363047001;571941609.0;2800.0
2023;12;Canada;23;22;387592795.044;298434065.38199997;284576207.814978;245827071.97858322;2485229153.097;1700542356.56
2023;12;China;56;96;2284727.0;6372373420.0;2065756.7811934904;4951339098.679099;5292679.0;31779515914.0
2023;12;Czechia;33;30;613517361.0;178001060.0;535823022.70742357;152921872.85223368;4793341055.092;1132161199.963
2023;12;Estonia;30;13;181149018.32;82394388.2;143200804.9960474;66180231.48594378;1716996533.6699998;508760383.3
2023;12;Finland;33;16;148779530.231;219717427.45999998;119309968.10825983;169535052.05246913;1313180188.0;2408980904.0
2023;12;France;54;51;404382805.646;118654646.89600001;336424963.0998336;100046076.64080945;2625929037.851;662613448.621
2023;12;Germany;59;62;967469104.531;494994992.216;808920655.9623747;404077544.6661225;6924279946.0;3661420073.5099998
2023;12;India;29;69;37062716.496;941672606.2240001;29275447.469194315;670229612.9708185;140502203.821;2665466857.099
2023;12;Italy;54;52;68219094.853;239869840.601;56472760.63990067;193755929.40306947;231978653.0;1415188736.0
2023;12;Japan;15;41;155764511.34600005;558013939.734;153160778.11799416;474501649.4336735;1065112840.374;3028437189.904
2023;12;Latvia;38;17;320062386.222;106406322.501;261275417.32408163;90481566.75255103;2537100111.0;830308090.0
2023;12;Malaysia;33;13;111196714.33800001;20492915.075;93836889.73670885;16908345.771452144;328772630.833;3790282.085
2023;12;New Zealand;22;9;1978455886.1179998;94915.15299999999;1512580952.6896024;78312.83250825082;15191886915.673998;213166.297
2023;12;Norway;14;19;290390933.7;16953104.257;214627445.4545454;14010829.964462811;3637448234.0;181407351.671
2023;12;Papua New Guinea;11;2;193645806.72300002;46703.868;115816870.04964116;36430.47425897037;461073270.953;221122.079
2023;12;Poland;41;32;327171366.0;156303707.0;271511507.0539419;129069947.97687861;2198396006.0;1127682225.0
2023;12;Portugal;20;34;33488326.167000003;337198527.027;27382114.609157804;269327896.9864217;262797060.958;3135666890.857
2023;12;Rep. of Korea;7;47;295150.0;312247807.0;293974.1035856573;265516842.68707484;376448.3;1782763069.391
2023;12;Slovakia;28;23;151846866.57;89933577.844;129894667.7245509;74386747.59636062;1082302379.0;705618433.0
2023;12;Slovenia;31;35;152494775.26299998;70911130.47399999;131009257.09879723;59043405.8900916;1030164107.3;389164202.88
2023;12;Spain;39;47;177268308.93899998;103634330.98200001;142613281.52775544;83643527.83050849;2273745430.2689996;612903175.4729999
2023;12;Sweden;35;19;132160567.61600001;651983179.865;108417200.66940114;531363634.7718011;980248167.788;6862714448.295
2023;12;USA;104;55;1541820340.0;135696320.0;1281646167.9135494;120085238.93805309;8160248880.53;911060978.7249999
2023;12;Uruguay;23;6;106889717.0;2620266.59;99063685.82020389;2495491.9904761906;1194151852.462;8529108.7
2023;12;Viet Nam;18;65;2272071.177;343446348.798;2025018.8743315507;316248939.961326;8968934.044;839459142.23
